"","X","GameId","Date","HomeTeam","AwayTeam","HomeGoals","HomeShots","AwayGoals","AwayShots","HomePDO","AwayPDO","HomeTSR","AwayTSR","HomeWins","AwayWins"
"1",1,21650,2008-09-02,"Salavat Yulaev Ufa","Lokomotiv Yaroslavl",4,18,1,22,1177,823,0.45,0.55,"win","loss"
"2",2,21651,2008-09-02,"Amur Khabarovsk","Dinamo Riga",2,35,4,37,949,1051,0.486111111111111,0.513888888888889,"loss","win"
"3",3,21652,2008-09-02,"Metallurg Novokuznetsk","Dinamo Minsk",4,29,5,21,900,1100,0.58,0.42,"loss","win"
"4",4,21653,2008-09-02,"Spartak Moscow","Atlant Moscow Region",6,38,5,30,991,1009,0.558823529411765,0.441176470588235,"win","loss"
"5",5,21654,2008-09-02,"Vityaz Moscow Region","HC MVD",4,24,4,31,1038,962,0.436363636363636,0.563636363636364,"draw","draw"
"6",6,21655,2008-09-03,"Torpedo Nizhny Novgorod","CSKA Moscow",2,26,3,27,966,1034,0.490566037735849,0.509433962264151,"loss","win"
"7",7,21656,2008-09-03,"Amur Khabarovsk","Dinamo Riga",6,31,6,41,1047,953,0.430555555555556,0.569444444444444,"draw","draw"
"8",8,21657,2008-09-03,"Metallurg Novokuznetsk","Dinamo Minsk",5,29,2,27,1098,902,0.517857142857143,0.482142857142857,"win","loss"
"9",9,21658,2008-09-03,"Sibir Novosibirsk Region","Dynamo M",2,18,3,28,1004,996,0.391304347826087,0.608695652173913,"loss","win"
"10",10,21659,2008-09-03,"Metallurg Magnitogorsk","SKA Saint Petersburg",2,20,1,30,1067,933,0.4,0.6,"win","loss"
"11",11,21660,2008-09-03,"Traktor Chelyabinsk","Severstal Cherepovets",3,31,2,27,1023,977,0.53448275862069,0.46551724137931,"win","loss"
"12",12,21661,2008-09-03,"Ak Bars Kazan","Avangard Omsk Region",4,24,2,27,1093,907,0.470588235294118,0.529411764705882,"win","loss"
"13",13,21662,2008-09-03,"Neftekhimik Nizhnekamsk","Barys Astana",1,35,1,15,962,1038,0.7,0.3,"draw","draw"
"14",14,21663,2008-09-03,"Lada","Khimik",5,21,4,18,1016,984,0.538461538461538,0.461538461538462,"win","loss"
"15",15,21664,2008-09-04,"Atlant Moscow Region","Vityaz Moscow Region",4,27,1,20,1098,902,0.574468085106383,0.425531914893617,"win","loss"
"16",16,21665,2008-09-04,"Traktor Chelyabinsk","Lokomotiv Yaroslavl",2,31,5,32,908,1092,0.492063492063492,0.507936507936508,"loss","win"
"17",17,21666,2008-09-05,"Torpedo Nizhny Novgorod","Spartak Moscow",3,32,3,26,978,1022,0.551724137931034,0.448275862068966,"draw","draw"
"18",18,21667,2008-09-05,"HC MVD","CSKA Moscow",1,18,3,35,970,1030,0.339622641509434,0.660377358490566,"loss","win"
"19",19,21668,2008-09-05,"Amur Khabarovsk","Dynamo M",1,25,0,35,1040,960,0.416666666666667,0.583333333333333,"win","loss"
"20",20,21669,2008-09-05,"Metallurg Novokuznetsk","Dinamo Riga",7,27,0,35,1259,741,0.435483870967742,0.564516129032258,"win","loss"
"21",21,21670,2008-09-05,"Sibir Novosibirsk Region","Dinamo Minsk",1,22,2,14,903,1097,0.611111111111111,0.388888888888889,"loss","win"
"22",22,21671,2008-09-05,"Metallurg Magnitogorsk","Severstal Cherepovets",3,39,3,43,1007,993,0.475609756097561,0.524390243902439,"draw","draw"
"23",23,21672,2008-09-05,"Salavat Yulaev Ufa","SKA Saint Petersburg",3,19,1,17,1099,901,0.527777777777778,0.472222222222222,"win","loss"
"24",24,21673,2008-09-05,"Ak Bars Kazan","Khimik",4,23,0,23,1174,826,0.5,0.5,"win","loss"
"25",25,21674,2008-09-05,"Neftekhimik Nizhnekamsk","Avangard Omsk Region",3,22,1,12,1053,947,0.647058823529412,0.352941176470588,"win","loss"
"26",26,21675,2008-09-05,"Lada","Barys Astana",2,31,1,19,1012,988,0.62,0.38,"win","loss"
"27",27,21676,2008-09-06,"Metallurg Magnitogorsk","Lokomotiv Yaroslavl",2,31,4,29,927,1073,0.516666666666667,0.483333333333333,"loss","win"
"28",28,21677,2008-09-07,"Torpedo Nizhny Novgorod","Vityaz Moscow Region",5,33,3,21,1009,991,0.611111111111111,0.388888888888889,"win","loss"
"29",29,21678,2008-09-07,"HC MVD","Spartak Moscow",2,18,2,27,1037,963,0.4,0.6,"draw","draw"
"30",30,21679,2008-09-07,"Amur Khabarovsk","Dinamo Minsk",1,26,0,24,1038,962,0.52,0.48,"win","loss"
"31",31,21680,2008-09-07,"Metallurg Novokuznetsk","Dynamo M",2,27,4,41,977,1023,0.397058823529412,0.602941176470588,"loss","win"
"32",32,21681,2008-09-07,"Sibir Novosibirsk Region","Dinamo Riga",2,29,1,10,969,1031,0.743589743589744,0.256410256410256,"win","loss"
"33",33,21682,2008-09-07,"Traktor Chelyabinsk","SKA Saint Petersburg",3,20,3,21,1007,993,0.48780487804878,0.51219512195122,"draw","draw"
"34",34,21683,2008-09-07,"Salavat Yulaev Ufa","Severstal Cherepovets",5,39,2,21,1033,967,0.65,0.35,"win","loss"
"35",35,21684,2008-09-07,"Ak Bars Kazan","Barys Astana",3,26,2,18,1004,996,0.590909090909091,0.409090909090909,"win","loss"
"36",36,21685,2008-09-07,"Neftekhimik Nizhnekamsk","Khimik",1,25,2,24,957,1043,0.510204081632653,0.489795918367347,"loss","win"
"37",37,21686,2008-09-07,"Lada","Avangard Omsk Region",1,19,2,26,976,1024,0.422222222222222,0.577777777777778,"loss","win"
"38",38,21687,2008-09-07,"CSKA Moscow","Atlant Moscow Region",0,25,2,18,889,1111,0.581395348837209,0.418604651162791,"loss","win"
"39",39,21688,2008-09-08,"Sibir Novosibirsk Region","Dinamo Riga",6,26,1,23,1187,813,0.530612244897959,0.469387755102041,"win","loss"
"40",40,21689,2008-09-09,"Atlant Moscow Region","Spartak Moscow",3,21,2,21,1048,952,0.5,0.5,"win","loss"
"41",41,21690,2008-09-10,"Avangard Omsk Region","Metallurg Magnitogorsk",6,35,0,35,1171,829,0.5,0.5,"win","loss"
"42",42,21691,2008-09-11,"Ak Bars Kazan","Dynamo M",3,24,4,34,1007,993,0.413793103448276,0.586206896551724,"loss","win"
"43",43,21692,2008-09-11,"Neftekhimik Nizhnekamsk","Lada",2,16,1,19,1072,928,0.457142857142857,0.542857142857143,"win","loss"
"44",44,21693,2008-09-11,"Barys Astana","Traktor Chelyabinsk",3,29,4,31,974,1026,0.483333333333333,0.516666666666667,"loss","win"
"45",45,21694,2008-09-11,"SKA Saint Petersburg","Amur Khabarovsk",4,24,0,14,1167,833,0.631578947368421,0.368421052631579,"win","loss"
"46",46,21695,2008-09-11,"Severstal Cherepovets","Metallurg Novokuznetsk",1,23,6,31,850,1150,0.425925925925926,0.574074074074074,"loss","win"
"47",47,21696,2008-09-11,"Dinamo Riga","HC MVD",2,24,1,34,1054,946,0.413793103448276,0.586206896551724,"win","loss"
"48",48,21697,2008-09-11,"Vityaz Moscow Region","Torpedo Nizhny Novgorod",5,29,5,32,1016,984,0.475409836065574,0.524590163934426,"draw","draw"
"49",49,21698,2008-09-12,"Avangard Omsk Region","Salavat Yulaev Ufa",1,32,5,31,870,1130,0.507936507936508,0.492063492063492,"loss","win"
"50",50,21699,2008-09-12,"Barys Astana","Metallurg Magnitogorsk",3,27,4,30,978,1022,0.473684210526316,0.526315789473684,"loss","win"
"51",51,21700,2008-09-12,"Lokomotiv Yaroslavl","Sibir Novosibirsk Region",3,43,1,22,1024,976,0.661538461538462,0.338461538461538,"win","loss"
"52",52,21701,2008-09-12,"Dinamo Minsk","Atlant Moscow Region",1,27,4,21,847,1153,0.5625,0.4375,"loss","win"
"53",53,21702,2008-09-12,"Spartak Moscow","CSKA Moscow",5,29,5,26,980,1020,0.527272727272727,0.472727272727273,"draw","draw"
"54",54,21703,2008-09-13,"Khimik","Traktor Chelyabinsk",0,25,5,36,861,1139,0.409836065573771,0.590163934426229,"loss","win"
"55",55,21704,2008-09-13,"SKA Saint Petersburg","HC MVD",2,29,3,22,933,1067,0.568627450980392,0.431372549019608,"loss","win"
"56",56,21705,2008-09-13,"Severstal Cherepovets","Amur Khabarovsk",2,29,2,33,1008,992,0.467741935483871,0.532258064516129,"draw","draw"
"57",57,21706,2008-09-13,"Lokomotiv Yaroslavl","Metallurg Novokuznetsk",5,39,3,26,1013,987,0.6,0.4,"win","loss"
"58",58,21707,2008-09-13,"Dinamo Minsk","Torpedo Nizhny Novgorod",0,14,5,29,828,1172,0.325581395348837,0.674418604651163,"loss","win"
"59",59,21708,2008-09-13,"Vityaz Moscow Region","Dynamo M",1,24,1,31,1009,991,0.436363636363636,0.563636363636364,"draw","draw"
"60",60,21709,2008-09-14,"Barys Astana","Salavat Yulaev Ufa",2,29,2,39,1018,982,0.426470588235294,0.573529411764706,"draw","draw"
"61",61,21710,2008-09-14,"Khimik","Metallurg Magnitogorsk",1,11,2,28,1019,981,0.282051282051282,0.717948717948718,"loss","win"
"62",62,21711,2008-09-14,"Severstal Cherepovets","Sibir Novosibirsk Region",6,20,1,22,1255,745,0.476190476190476,0.523809523809524,"win","loss"
"63",63,21712,2008-09-14,"Dinamo Riga","Atlant Moscow Region",2,28,0,32,1071,929,0.466666666666667,0.533333333333333,"win","loss"
"64",64,21713,2008-09-14,"Vityaz Moscow Region","Neftekhimik Nizhnekamsk",2,21,1,28,1060,940,0.428571428571429,0.571428571428571,"win","loss"
"65",65,21714,2008-09-15,"Lada","Ak Bars Kazan",3,22,2,24,1053,947,0.478260869565217,0.521739130434783,"win","loss"
"66",66,21715,2008-09-15,"Avangard Omsk Region","Traktor Chelyabinsk",3,23,6,20,830,1170,0.534883720930233,0.465116279069767,"loss","win"
"67",67,21716,2008-09-15,"SKA Saint Petersburg","Metallurg Novokuznetsk",0,21,1,17,941,1059,0.552631578947368,0.447368421052632,"loss","win"
"68",68,21717,2008-09-15,"Lokomotiv Yaroslavl","Amur Khabarovsk",3,33,0,19,1091,909,0.634615384615385,0.365384615384615,"win","loss"
"69",69,21718,2008-09-15,"Dinamo Riga","Torpedo Nizhny Novgorod",4,26,1,31,1122,878,0.456140350877193,0.543859649122807,"win","loss"
"70",70,21719,2008-09-15,"Dinamo Minsk","Spartak Moscow",0,18,2,16,875,1125,0.529411764705882,0.470588235294118,"loss","win"
"71",71,21720,2008-09-15,"Dynamo M","HC MVD",3,21,2,18,1032,968,0.538461538461538,0.461538461538462,"win","loss"
"72",72,21721,2008-09-16,"Barys Astana","Neftekhimik Nizhnekamsk",3,34,2,37,1034,966,0.47887323943662,0.52112676056338,"win","loss"
"73",73,21722,2008-09-16,"Khimik","Salavat Yulaev Ufa",1,22,2,35,988,1012,0.385964912280702,0.614035087719298,"loss","win"
"74",74,21723,2008-09-16,"SKA Saint Petersburg","Sibir Novosibirsk Region",4,32,0,20,1125,875,0.615384615384615,0.384615384615385,"win","loss"
"75",75,21724,2008-09-16,"Vityaz Moscow Region","CSKA Moscow",1,21,4,35,933,1067,0.375,0.625,"loss","win"
"76",76,21725,2008-09-17,"Barys Astana","Ak Bars Kazan",2,32,7,44,903,1097,0.421052631578947,0.578947368421053,"loss","win"
"77",77,21726,2008-09-17,"Dinamo Minsk","HC MVD",2,28,2,33,1011,989,0.459016393442623,0.540983606557377,"draw","draw"
"78",78,21727,2008-09-17,"Dynamo M","Torpedo Nizhny Novgorod",4,20,1,26,1162,838,0.434782608695652,0.565217391304348,"win","loss"
"79",79,21728,2008-09-18,"Metallurg Novokuznetsk","Salavat Yulaev Ufa",2,16,1,49,1105,895,0.246153846153846,0.753846153846154,"win","loss"
"80",80,21729,2008-09-18,"Metallurg Magnitogorsk","Neftekhimik Nizhnekamsk",4,30,3,24,1008,992,0.555555555555556,0.444444444444444,"win","loss"
"81",81,21730,2008-09-18,"Spartak Moscow","Vityaz Moscow Region",5,33,2,27,1077,923,0.55,0.45,"win","loss"
"82",82,21731,2008-09-19,"Atlant Moscow Region","Dynamo M",6,31,3,32,1100,900,0.492063492063492,0.507936507936508,"win","loss"
"83",83,21732,2008-09-19,"Metallurg Magnitogorsk","Ak Bars Kazan",3,31,5,29,924,1076,0.516666666666667,0.483333333333333,"loss","win"
"84",84,21733,2008-09-19,"Avangard Omsk Region","Lada",5,24,1,21,1161,839,0.533333333333333,0.466666666666667,"win","loss"
"85",85,21734,2008-09-19,"CSKA Moscow","SKA Saint Petersburg",1,20,0,27,1050,950,0.425531914893617,0.574468085106383,"win","loss"
"86",86,21735,2008-09-20,"Traktor Chelyabinsk","Neftekhimik Nizhnekamsk",3,29,3,32,1010,990,0.475409836065574,0.524590163934426,"draw","draw"
"87",87,21736,2008-09-21,"Torpedo Nizhny Novgorod","SKA Saint Petersburg",4,20,2,31,1135,865,0.392156862745098,0.607843137254902,"win","loss"
"88",88,21737,2008-09-21,"HC MVD","Severstal Cherepovets",4,24,3,18,1000,1000,0.571428571428571,0.428571428571429,"win","loss"
"89",89,21738,2008-09-21,"Atlant Moscow Region","Lokomotiv Yaroslavl",4,27,3,23,1018,982,0.54,0.46,"win","loss"
"90",90,21739,2008-09-21,"Amur Khabarovsk","Barys Astana",1,23,2,36,988,1012,0.389830508474576,0.610169491525424,"loss","win"
"91",91,21740,2008-09-21,"Metallurg Novokuznetsk","Khimik",2,27,2,40,1024,976,0.402985074626866,0.597014925373134,"draw","draw"
"92",92,21741,2008-09-21,"Sibir Novosibirsk Region","Avangard Omsk Region",2,24,3,31,987,1013,0.436363636363636,0.563636363636364,"loss","win"
"93",93,21742,2008-09-21,"Metallurg Magnitogorsk","Lada",1,46,1,25,982,1018,0.647887323943662,0.352112676056338,"draw","draw"
"94",94,21743,2008-09-21,"Traktor Chelyabinsk","Ak Bars Kazan",4,19,1,26,1172,828,0.422222222222222,0.577777777777778,"win","loss"
"95",95,21744,2008-09-22,"Salavat Yulaev Ufa","Neftekhimik Nizhnekamsk",3,42,5,38,940,1060,0.525,0.475,"loss","win"
"96",96,21745,2008-09-22,"CSKA Moscow","Dinamo Riga",3,24,4,17,890,1110,0.585365853658537,0.414634146341463,"loss","win"
"97",97,21746,2008-09-22,"Spartak Moscow","Dinamo Minsk",1,30,1,26,995,1005,0.535714285714286,0.464285714285714,"draw","draw"
"98",98,21747,2008-09-23,"Torpedo Nizhny Novgorod","Severstal Cherepovets",0,18,1,14,929,1071,0.5625,0.4375,"loss","win"
"99",99,21748,2008-09-23,"HC MVD","Lokomotiv Yaroslavl",2,31,5,22,837,1163,0.584905660377358,0.415094339622642,"loss","win"
"100",100,21749,2008-09-23,"Atlant Moscow Region","SKA Saint Petersburg",4,30,1,40,1108,892,0.428571428571429,0.571428571428571,"win","loss"
"101",101,21750,2008-09-23,"Amur Khabarovsk","Khimik",4,27,2,33,1088,912,0.45,0.55,"win","loss"
"102",102,21751,2008-09-23,"Metallurg Novokuznetsk","Avangard Omsk Region",2,16,3,28,1018,982,0.363636363636364,0.636363636363636,"loss","win"
"103",103,21752,2008-09-23,"Sibir Novosibirsk Region","Barys Astana",2,26,4,33,956,1044,0.440677966101695,0.559322033898305,"loss","win"
"104",104,21753,2008-09-23,"Traktor Chelyabinsk","Lada",2,26,6,32,889,1111,0.448275862068966,0.551724137931034,"loss","win"
"105",105,21754,2008-09-23,"Salavat Yulaev Ufa","Ak Bars Kazan",4,33,2,25,1041,959,0.568965517241379,0.431034482758621,"win","loss"
"106",106,21755,2008-09-24,"CSKA Moscow","Dynamo M",3,28,2,23,1020,980,0.549019607843137,0.450980392156863,"win","loss"
"107",107,21756,2008-09-24,"Spartak Moscow","Dinamo Riga",5,33,1,24,1110,890,0.578947368421053,0.421052631578947,"win","loss"
"108",108,21757,2008-09-24,"Vityaz Moscow Region","Dinamo Minsk",0,31,2,22,909,1091,0.584905660377358,0.415094339622642,"loss","win"
"109",109,21758,2008-09-25,"Torpedo Nizhny Novgorod","Lokomotiv Yaroslavl",2,31,1,30,1031,969,0.508196721311475,0.491803278688525,"win","loss"
"110",110,21759,2008-09-25,"HC MVD","SKA Saint Petersburg",0,16,3,27,889,1111,0.372093023255814,0.627906976744186,"loss","win"
"111",111,21760,2008-09-25,"Atlant Moscow Region","Severstal Cherepovets",6,36,1,33,1136,864,0.521739130434783,0.478260869565217,"win","loss"
"112",112,21761,2008-09-25,"Amur Khabarovsk","Avangard Omsk Region",0,14,4,22,818,1182,0.388888888888889,0.611111111111111,"loss","win"
"113",113,21762,2008-09-25,"Metallurg Novokuznetsk","Barys Astana",3,28,4,50,1027,973,0.358974358974359,0.641025641025641,"loss","win"
"114",114,21763,2008-09-25,"Sibir Novosibirsk Region","Khimik",3,32,3,19,936,1064,0.627450980392157,0.372549019607843,"draw","draw"
"115",115,21764,2008-09-25,"Salavat Yulaev Ufa","Lada",2,33,1,18,1005,995,0.647058823529412,0.352941176470588,"win","loss"
"116",116,21765,2008-09-26,"Amur Khabarovsk","Avangard Omsk Region",3,29,4,30,970,1030,0.491525423728814,0.508474576271186,"loss","win"
"117",117,21766,2008-09-26,"Traktor Chelyabinsk","Metallurg Magnitogorsk",1,22,3,19,888,1112,0.536585365853659,0.463414634146341,"loss","win"
"118",118,21767,2008-09-26,"CSKA Moscow","Dinamo Minsk",8,35,3,23,1098,902,0.603448275862069,0.396551724137931,"win","loss"
"119",119,21768,2008-09-26,"Spartak Moscow","Dynamo M",2,30,4,42,971,1029,0.416666666666667,0.583333333333333,"loss","win"
"120",120,21769,2008-09-26,"Vityaz Moscow Region","Dinamo Riga",2,40,2,33,989,1011,0.547945205479452,0.452054794520548,"draw","draw"
"121",121,21770,2008-09-28,"Metallurg Magnitogorsk","Salavat Yulaev Ufa",1,42,5,37,889,1111,0.531645569620253,0.468354430379747,"loss","win"
"122",122,21771,2008-09-28,"Khimik","Torpedo Nizhny Novgorod",3,19,2,28,1086,914,0.404255319148936,0.595744680851064,"win","loss"
"123",123,21772,2008-09-28,"Severstal Cherepovets","Dinamo Minsk",5,25,1,23,1157,843,0.520833333333333,0.479166666666667,"win","loss"
"124",124,21773,2008-09-29,"Ak Bars Kazan","Sibir Novosibirsk Region",8,17,4,20,1271,729,0.459459459459459,0.540540540540541,"win","loss"
"125",125,21774,2008-09-29,"Neftekhimik Nizhnekamsk","Amur Khabarovsk",4,29,2,26,1061,939,0.527272727272727,0.472727272727273,"win","loss"
"126",126,21775,2008-09-29,"Lada","Metallurg Novokuznetsk",1,28,3,22,899,1101,0.56,0.44,"loss","win"
"127",127,21776,2008-09-29,"Avangard Omsk Region","HC MVD",7,31,4,31,1097,903,0.5,0.5,"win","loss"
"128",128,21777,2008-09-29,"Barys Astana","Atlant Moscow Region",3,39,4,25,917,1083,0.609375,0.390625,"loss","win"
"129",129,21778,2008-09-30,"Traktor Chelyabinsk","Salavat Yulaev Ufa",1,25,1,33,1010,990,0.431034482758621,0.568965517241379,"draw","draw"
"130",130,21779,2008-09-30,"Avangard Omsk Region","Torpedo Nizhny Novgorod",4,25,3,35,1074,926,0.416666666666667,0.583333333333333,"win","loss"
"131",131,21780,2008-09-29,"SKA Saint Petersburg","Spartak Moscow",4,32,1,16,1062,938,0.666666666666667,0.333333333333333,"win","loss"
"132",132,21781,2008-09-30,"Severstal Cherepovets","CSKA Moscow",3,23,1,25,1090,910,0.479166666666667,0.520833333333333,"win","loss"
"133",133,21782,2008-09-30,"Lokomotiv Yaroslavl","Vityaz Moscow Region",4,31,1,32,1098,902,0.492063492063492,0.507936507936508,"win","loss"
"134",134,21783,2008-10-01,"Ak Bars Kazan","Metallurg Novokuznetsk",6,17,3,29,1249,751,0.369565217391304,0.630434782608696,"win","loss"
"135",135,21784,2008-10-01,"Neftekhimik Nizhnekamsk","Sibir Novosibirsk Region",0,26,0,24,1000,1000,0.52,0.48,"draw","draw"
"136",136,21785,2008-10-01,"Lada","Amur Khabarovsk",3,28,0,13,1107,893,0.682926829268293,0.317073170731707,"win","loss"
"137",137,21786,2008-10-01,"Barys Astana","HC MVD",4,37,2,30,1041,959,0.552238805970149,0.447761194029851,"win","loss"
"138",138,21787,2008-10-01,"Khimik","Atlant Moscow Region",1,29,4,31,905,1095,0.483333333333333,0.516666666666667,"loss","win"
"139",139,21788,2008-10-01,"Dinamo Riga","Dynamo M",4,30,3,39,1056,944,0.434782608695652,0.565217391304348,"win","loss"
"140",140,21789,2008-10-02,"Barys Astana","Torpedo Nizhny Novgorod",3,31,0,34,1097,903,0.476923076923077,0.523076923076923,"win","loss"
"141",141,21790,2008-10-02,"SKA Saint Petersburg","CSKA Moscow",5,27,3,16,998,1002,0.627906976744186,0.372093023255814,"win","loss"
"142",142,21791,2008-10-02,"Severstal Cherepovets","Vityaz Moscow Region",4,34,3,25,998,1002,0.576271186440678,0.423728813559322,"win","loss"
"143",143,21792,2008-10-02,"Lokomotiv Yaroslavl","Spartak Moscow",5,34,2,24,1064,936,0.586206896551724,0.413793103448276,"win","loss"
"144",144,21793,2008-10-04,"Metallurg Magnitogorsk","Traktor Chelyabinsk",5,20,1,34,1221,779,0.37037037037037,0.62962962962963,"win","loss"
"145",145,21794,2008-10-03,"Ak Bars Kazan","Amur Khabarovsk",4,27,2,22,1057,943,0.551020408163265,0.448979591836735,"win","loss"
"146",146,21795,2008-10-03,"Neftekhimik Nizhnekamsk","Metallurg Novokuznetsk",3,30,2,13,946,1054,0.697674418604651,0.302325581395349,"win","loss"
"147",147,21796,2008-10-03,"Lada","Sibir Novosibirsk Region",3,21,2,23,1056,944,0.477272727272727,0.522727272727273,"win","loss"
"148",148,21797,2008-10-03,"Avangard Omsk Region","Atlant Moscow Region",3,31,3,35,1011,989,0.46969696969697,0.53030303030303,"draw","draw"
"149",149,21798,2008-10-03,"Khimik","HC MVD",1,20,3,29,947,1053,0.408163265306122,0.591836734693878,"loss","win"
"150",150,21799,2008-10-03,"Dinamo Minsk","Dynamo M",0,15,2,26,923,1077,0.365853658536585,0.634146341463415,"loss","win"
"151",151,21800,2008-10-04,"SKA Saint Petersburg","Vityaz Moscow Region",0,41,0,28,1000,1000,0.594202898550725,0.405797101449275,"draw","draw"
"152",152,21801,2008-10-04,"Severstal Cherepovets","Spartak Moscow",5,17,4,32,1169,831,0.346938775510204,0.653061224489796,"win","loss"
"153",153,21802,2008-10-04,"Lokomotiv Yaroslavl","CSKA Moscow",1,40,2,22,934,1066,0.645161290322581,0.354838709677419,"loss","win"
"154",154,21803,2008-10-05,"Torpedo Nizhny Novgorod","Dynamo M",3,31,0,23,1097,903,0.574074074074074,0.425925925925926,"win","loss"
"155",155,21804,2008-10-05,"Salavat Yulaev Ufa","Metallurg Novokuznetsk",3,63,1,21,1000,1000,0.75,0.25,"win","loss"
"156",156,21805,2008-10-05,"Khimik","Metallurg Magnitogorsk",4,18,0,27,1222,778,0.4,0.6,"win","loss"
"157",157,21806,2008-10-06,"Dinamo Riga","Dinamo Minsk",8,30,5,29,1094,906,0.508474576271186,0.491525423728814,"win","loss"
"158",158,21807,2008-10-07,"Torpedo Nizhny Novgorod","Neftekhimik Nizhnekamsk",4,28,2,31,1078,922,0.474576271186441,0.525423728813559,"win","loss"
"159",159,21808,2008-10-07,"HC MVD","Lada",3,24,1,19,1072,928,0.558139534883721,0.441860465116279,"win","loss"
"160",160,21809,2008-10-07,"Atlant Moscow Region","Ak Bars Kazan",6,29,1,23,1163,837,0.557692307692308,0.442307692307692,"win","loss"
"161",161,21810,2008-10-07,"Amur Khabarovsk","Traktor Chelyabinsk",3,26,5,41,993,1007,0.388059701492537,0.611940298507463,"loss","win"
"162",162,21811,2008-10-07,"Sibir Novosibirsk Region","Metallurg Magnitogorsk",2,19,1,19,1053,947,0.5,0.5,"win","loss"
"163",163,21812,2008-10-07,"Spartak Moscow","Severstal Cherepovets",8,35,2,27,1154,846,0.564516129032258,0.435483870967742,"win","loss"
"164",164,21813,2008-10-08,"CSKA Moscow","Barys Astana",4,36,3,39,1034,966,0.48,0.52,"win","loss"
"165",165,21814,2008-10-08,"Vityaz Moscow Region","Khimik",2,32,1,23,1019,981,0.581818181818182,0.418181818181818,"win","loss"
"166",166,21815,2008-10-09,"Torpedo Nizhny Novgorod","Lada",2,33,3,27,949,1051,0.55,0.45,"loss","win"
"167",167,21816,2008-10-09,"HC MVD","Ak Bars Kazan",2,21,3,21,952,1048,0.5,0.5,"loss","win"
"168",168,21817,2008-10-09,"Atlant Moscow Region","Neftekhimik Nizhnekamsk",5,29,0,32,1172,828,0.475409836065574,0.524590163934426,"win","loss"
"169",169,21818,2008-10-09,"Metallurg Novokuznetsk","Metallurg Magnitogorsk",2,23,4,25,927,1073,0.479166666666667,0.520833333333333,"loss","win"
"170",170,21819,2008-10-09,"Sibir Novosibirsk Region","Traktor Chelyabinsk",5,26,1,17,1133,867,0.604651162790698,0.395348837209302,"win","loss"
"171",171,21820,2008-10-09,"Dinamo Riga","SKA Saint Petersburg",1,17,1,40,1034,966,0.298245614035088,0.701754385964912,"draw","draw"
"172",172,21821,2008-10-09,"Dinamo Minsk","Lokomotiv Yaroslavl",0,17,2,16,875,1125,0.515151515151515,0.484848484848485,"loss","win"
"173",173,21822,2008-10-09,"Dynamo M","Severstal Cherepovets",4,29,1,23,1094,906,0.557692307692308,0.442307692307692,"win","loss"
"174",174,21823,2008-10-09,"Spartak Moscow","Avangard Omsk Region",2,22,5,21,853,1147,0.511627906976744,0.488372093023256,"loss","win"
"175",175,21824,2008-10-10,"Amur Khabarovsk","Salavat Yulaev Ufa",0,26,3,29,897,1103,0.472727272727273,0.527272727272727,"loss","win"
"176",176,21825,2008-10-10,"Spartak Moscow","Khimik",5,31,3,27,1050,950,0.53448275862069,0.46551724137931,"win","loss"
"177",177,21826,2008-10-10,"Vityaz Moscow Region","Barys Astana",4,21,5,32,1034,966,0.39622641509434,0.60377358490566,"loss","win"
"178",178,21827,2008-10-11,"Torpedo Nizhny Novgorod","Ak Bars Kazan",0,36,3,28,893,1107,0.5625,0.4375,"loss","win"
"179",179,21828,2008-10-11,"HC MVD","Neftekhimik Nizhnekamsk",4,22,1,19,1129,871,0.536585365853659,0.463414634146341,"win","loss"
"180",180,21829,2008-10-11,"Atlant Moscow Region","Lada",3,20,0,19,1150,850,0.512820512820513,0.487179487179487,"win","loss"
"181",181,21830,2008-10-11,"Amur Khabarovsk","Metallurg Magnitogorsk",0,29,3,33,909,1091,0.467741935483871,0.532258064516129,"loss","win"
"182",182,21831,2008-10-11,"Metallurg Novokuznetsk","Traktor Chelyabinsk",3,19,2,37,1104,896,0.339285714285714,0.660714285714286,"win","loss"
"183",183,21832,2008-10-11,"Dinamo Riga","Severstal Cherepovets",1,26,2,35,981,1019,0.426229508196721,0.573770491803279,"loss","win"
"184",184,21833,2008-10-11,"Dinamo Minsk","SKA Saint Petersburg",0,13,3,19,842,1158,0.40625,0.59375,"loss","win"
"185",185,21834,2008-10-11,"Dynamo M","Lokomotiv Yaroslavl",2,28,0,23,1071,929,0.549019607843137,0.450980392156863,"win","loss"
"186",186,21835,2008-10-11,"CSKA Moscow","Avangard Omsk Region",4,23,2,24,1091,909,0.48936170212766,0.51063829787234,"win","loss"
"187",187,21836,2008-10-12,"Metallurg Novokuznetsk","Salavat Yulaev Ufa",1,33,4,32,905,1095,0.507692307692308,0.492307692307692,"loss","win"
"188",188,21837,2008-10-12,"Spartak Moscow","Barys Astana",4,27,3,38,1069,931,0.415384615384615,0.584615384615385,"win","loss"
"189",189,21838,2008-10-13,"Dinamo Riga","Lokomotiv Yaroslavl",2,44,3,33,955,1045,0.571428571428571,0.428571428571429,"loss","win"
"190",190,21839,2008-10-13,"Dinamo Minsk","Severstal Cherepovets",3,16,7,30,954,1046,0.347826086956522,0.652173913043478,"loss","win"
"191",191,21840,2008-10-13,"Dynamo M","SKA Saint Petersburg",4,23,1,21,1126,874,0.522727272727273,0.477272727272727,"win","loss"
"192",192,21841,2008-10-13,"Vityaz Moscow Region","Avangard Omsk Region",5,29,4,24,1006,994,0.547169811320755,0.452830188679245,"win","loss"
"193",193,21842,2008-10-14,"Traktor Chelyabinsk","HC MVD",3,26,1,22,1070,930,0.541666666666667,0.458333333333333,"win","loss"
"194",194,21843,2008-10-14,"Neftekhimik Nizhnekamsk","Barys Astana",4,19,2,25,1131,869,0.431818181818182,0.568181818181818,"win","loss"
"195",195,21844,2008-10-14,"Sibir Novosibirsk Region","Salavat Yulaev Ufa",2,14,9,19,669,1331,0.424242424242424,0.575757575757576,"loss","win"
"196",196,21845,2008-10-15,"Khimik","SKA Saint Petersburg",2,14,2,26,1066,934,0.35,0.65,"draw","draw"
"197",197,21846,2008-10-16,"Metallurg Magnitogorsk","HC MVD",5,39,0,37,1128,872,0.513157894736842,0.486842105263158,"win","loss"
"198",198,21847,2008-10-16,"Neftekhimik Nizhnekamsk","Spartak Moscow",6,30,1,21,1152,848,0.588235294117647,0.411764705882353,"win","loss"
"199",199,21848,2008-10-17,"Amur Khabarovsk","Sibir Novosibirsk Region",4,29,3,25,1018,982,0.537037037037037,0.462962962962963,"win","loss"
"200",200,21849,2008-10-17,"Metallurg Novokuznetsk","Atlant Moscow Region",1,26,1,42,1015,985,0.382352941176471,0.617647058823529,"draw","draw"
"201",201,21850,2008-10-17,"Metallurg Magnitogorsk","Torpedo Nizhny Novgorod",4,29,1,23,1094,906,0.557692307692308,0.442307692307692,"win","loss"
"202",202,21851,2008-10-17,"Ak Bars Kazan","CSKA Moscow",1,16,1,20,1012,988,0.444444444444444,0.555555555555556,"draw","draw"
"203",203,21852,2008-10-17,"Lada","Vityaz Moscow Region",7,27,4,32,1134,866,0.457627118644068,0.542372881355932,"win","loss"
"204",204,21853,2008-10-17,"Lokomotiv Yaroslavl","Severstal Cherepovets",1,37,1,26,989,1011,0.587301587301587,0.412698412698413,"draw","draw"
"205",205,21854,2008-10-18,"Amur Khabarovsk","Sibir Novosibirsk Region",1,26,2,25,958,1042,0.509803921568627,0.490196078431373,"loss","win"
"206",206,21855,2008-10-18,"Salavat Yulaev Ufa","HC MVD",3,35,1,23,1042,958,0.603448275862069,0.396551724137931,"win","loss"
"207",207,21856,2008-10-18,"Ak Bars Kazan","Spartak Moscow",3,35,2,18,975,1025,0.660377358490566,0.339622641509434,"win","loss"
"208",208,21857,2008-10-25,"Avangard Omsk Region","Dynamo M",2,32,2,40,1012,988,0.444444444444444,0.555555555555556,"draw","draw"
"209",209,21858,2008-10-18,"Barys Astana","Dinamo Minsk",5,36,2,29,1070,930,0.553846153846154,0.446153846153846,"win","loss"
"210",210,21859,2008-10-18,"Khimik","Dinamo Riga",1,22,2,24,962,1038,0.478260869565217,0.521739130434783,"loss","win"
"211",211,21860,2008-10-19,"Metallurg Magnitogorsk","Atlant Moscow Region",5,41,5,25,922,1078,0.621212121212121,0.378787878787879,"draw","draw"
"212",212,21861,2008-10-19,"Salavat Yulaev Ufa","Torpedo Nizhny Novgorod",7,26,1,31,1237,763,0.456140350877193,0.543859649122807,"win","loss"
"213",213,21862,2008-10-19,"Neftekhimik Nizhnekamsk","Vityaz Moscow Region",3,26,2,22,1024,976,0.541666666666667,0.458333333333333,"win","loss"
"214",214,21863,2008-10-19,"Lada","CSKA Moscow",1,19,3,31,956,1044,0.38,0.62,"loss","win"
"215",215,21864,2008-10-20,"Amur Khabarovsk","Metallurg Novokuznetsk",2,24,2,26,1006,994,0.48,0.52,"draw","draw"
"216",216,21865,2008-10-20,"Lada","Spartak Moscow",3,22,5,18,859,1141,0.55,0.45,"loss","win"
"217",217,21866,2008-10-20,"Avangard Omsk Region","Dinamo Minsk",5,35,3,17,966,1034,0.673076923076923,0.326923076923077,"win","loss"
"218",218,21867,2008-10-20,"Barys Astana","Dinamo Riga",3,29,0,24,1103,897,0.547169811320755,0.452830188679245,"win","loss"
"219",219,21868,2008-10-20,"Khimik","Dynamo M",2,23,2,35,1030,970,0.396551724137931,0.603448275862069,"draw","draw"
"220",220,21869,2008-10-20,"SKA Saint Petersburg","Lokomotiv Yaroslavl",3,26,2,24,1032,968,0.52,0.48,"win","loss"
"221",221,21870,2008-10-21,"Traktor Chelyabinsk","Torpedo Nizhny Novgorod",3,14,2,19,1109,891,0.424242424242424,0.575757575757576,"win","loss"
"222",222,21871,2008-10-21,"Salavat Yulaev Ufa","Atlant Moscow Region",3,51,5,25,859,1141,0.671052631578947,0.328947368421053,"loss","win"
"223",223,21872,2008-10-21,"Ak Bars Kazan","Vityaz Moscow Region",3,23,2,21,1035,965,0.522727272727273,0.477272727272727,"win","loss"
"224",224,21873,2008-10-21,"Neftekhimik Nizhnekamsk","CSKA Moscow",2,20,4,21,910,1090,0.48780487804878,0.51219512195122,"loss","win"
"225",225,21874,2008-10-22,"Sibir Novosibirsk Region","Metallurg Novokuznetsk",3,28,0,16,1107,893,0.636363636363636,0.363636363636364,"win","loss"
"226",226,21875,2008-10-22,"Lada","Lokomotiv Yaroslavl",2,27,3,22,938,1062,0.551020408163265,0.448979591836735,"loss","win"
"227",227,21876,2008-10-22,"Avangard Omsk Region","Dinamo Riga",2,36,3,24,931,1069,0.6,0.4,"loss","win"
"228",228,21877,2008-10-22,"Barys Astana","Dynamo M",4,37,4,21,918,1082,0.637931034482759,0.362068965517241,"draw","draw"
"229",229,21878,2008-10-22,"Khimik","Dinamo Minsk",1,20,3,26,935,1065,0.434782608695652,0.565217391304348,"loss","win"
"230",230,21879,2008-10-22,"Severstal Cherepovets","Spartak Moscow",2,25,5,18,802,1198,0.581395348837209,0.418604651162791,"loss","win"
"231",231,21880,2008-10-23,"Traktor Chelyabinsk","Atlant Moscow Region",2,21,1,24,1054,946,0.466666666666667,0.533333333333333,"win","loss"
"232",232,21881,2008-10-23,"Avangard Omsk Region","Dinamo Riga",3,28,0,34,1107,893,0.451612903225806,0.548387096774194,"win","loss"
"233",233,21882,2008-10-23,"CSKA Moscow","Vityaz Moscow Region",2,33,2,19,955,1045,0.634615384615385,0.365384615384615,"draw","draw"
"234",234,21883,2008-10-24,"HC MVD","Metallurg Magnitogorsk",4,26,2,15,1021,979,0.634146341463415,0.365853658536585,"win","loss"
"235",235,21884,2008-10-24,"Traktor Chelyabinsk","Amur Khabarovsk",2,24,2,28,1012,988,0.461538461538462,0.538461538461538,"draw","draw"
"236",236,21885,2008-10-24,"Neftekhimik Nizhnekamsk","Ak Bars Kazan",4,19,1,23,1167,833,0.452380952380952,0.547619047619048,"win","loss"
"237",237,21886,2008-10-25,"SKA Saint Petersburg","CSKA Moscow",4,30,3,31,1037,963,0.491803278688525,0.508196721311475,"win","loss"
"238",238,21887,2008-10-25,"Severstal Cherepovets","Salavat Yulaev Ufa",4,34,3,32,1024,976,0.515151515151515,0.484848484848485,"win","loss"
"239",239,21888,2008-10-26,"Torpedo Nizhny Novgorod","Barys Astana",2,24,3,22,947,1053,0.521739130434783,0.478260869565217,"loss","win"
"240",240,21889,2008-10-26,"Lokomotiv Yaroslavl","Amur Khabarovsk",7,31,1,26,1187,813,0.543859649122807,0.456140350877193,"win","loss"
"241",241,21890,2008-10-26,"Dinamo Riga","Ak Bars Kazan",2,33,3,29,957,1043,0.532258064516129,0.467741935483871,"loss","win"
"242",242,21891,2008-10-27,"Metallurg Magnitogorsk","CSKA Moscow",3,27,3,21,968,1032,0.5625,0.4375,"draw","draw"
"243",243,21892,2008-10-27,"Lokomotiv Yaroslavl","Avangard Omsk Region",3,19,2,34,1099,901,0.358490566037736,0.641509433962264,"win","loss"
"244",244,21893,2008-10-27,"Dinamo Riga","Lada",0,21,6,44,864,1136,0.323076923076923,0.676923076923077,"loss","win"
"245",245,21894,2008-10-27,"Dynamo M","Neftekhimik Nizhnekamsk",0,25,2,27,926,1074,0.480769230769231,0.519230769230769,"loss","win"
"246",246,21895,2008-10-27,"Spartak Moscow","Salavat Yulaev Ufa",0,37,3,29,897,1103,0.560606060606061,0.439393939393939,"loss","win"
"247",247,21896,2008-10-27,"Vityaz Moscow Region","Traktor Chelyabinsk",3,33,1,30,1058,942,0.523809523809524,0.476190476190476,"win","loss"
"248",248,21897,2008-10-28,"Torpedo Nizhny Novgorod","Metallurg Novokuznetsk",3,35,0,20,1086,914,0.636363636363636,0.363636363636364,"win","loss"
"249",249,21898,2008-10-28,"HC MVD","Amur Khabarovsk",0,24,3,13,769,1231,0.648648648648649,0.351351351351351,"loss","win"
"250",250,21899,2008-10-28,"Atlant Moscow Region","Sibir Novosibirsk Region",2,30,1,25,1027,973,0.545454545454545,0.454545454545455,"win","loss"
"251",251,21900,2008-10-28,"SKA Saint Petersburg","Khimik",3,43,5,32,914,1086,0.573333333333333,0.426666666666667,"loss","win"
"252",252,21901,2008-10-28,"Severstal Cherepovets","Barys Astana",2,31,6,24,815,1185,0.563636363636364,0.436363636363636,"loss","win"
"253",253,21902,2008-10-28,"Dinamo Minsk","Ak Bars Kazan",3,15,8,20,800,1200,0.428571428571429,0.571428571428571,"loss","win"
"254",254,21903,2008-10-29,"SKA Saint Petersburg","Avangard Omsk Region",5,31,0,26,1161,839,0.543859649122807,0.456140350877193,"win","loss"
"255",255,21904,2008-10-29,"Dinamo Riga","Neftekhimik Nizhnekamsk",1,26,5,40,913,1087,0.393939393939394,0.606060606060606,"loss","win"
"256",256,21905,2008-10-29,"Dinamo Minsk","Lada",3,19,1,31,1126,874,0.38,0.62,"win","loss"
"257",257,21906,2008-10-29,"CSKA Moscow","Traktor Chelyabinsk",0,14,1,31,968,1032,0.311111111111111,0.688888888888889,"loss","win"
"258",258,21907,2008-10-29,"Vityaz Moscow Region","Spartak Moscow",4,39,7,29,861,1139,0.573529411764706,0.426470588235294,"loss","win"
"259",259,21908,2008-10-30,"Torpedo Nizhny Novgorod","Amur Khabarovsk",4,31,4,29,991,1009,0.516666666666667,0.483333333333333,"draw","draw"
"260",260,21909,2008-10-30,"HC MVD","Sibir Novosibirsk Region",3,26,0,24,1115,885,0.52,0.48,"win","loss"
"261",261,21910,2008-10-30,"Atlant Moscow Region","Metallurg Novokuznetsk",3,38,3,29,975,1025,0.567164179104478,0.432835820895522,"draw","draw"
"262",262,21911,2008-10-30,"Severstal Cherepovets","Khimik",1,35,1,15,962,1038,0.7,0.3,"draw","draw"
"263",263,21912,2008-10-30,"Lokomotiv Yaroslavl","Barys Astana",7,50,1,20,1090,910,0.714285714285714,0.285714285714286,"win","loss"
"264",264,21913,2009-01-13,"Dynamo M","Ak Bars Kazan",4,15,3,22,1130,870,0.405405405405405,0.594594594594595,"win","loss"
"265",265,21914,2008-10-31,"Metallurg Magnitogorsk","Vityaz Moscow Region",1,38,1,18,971,1029,0.678571428571429,0.321428571428571,"draw","draw"
"266",266,21915,2008-10-31,"Severstal Cherepovets","Avangard Omsk Region",1,30,4,24,867,1133,0.555555555555556,0.444444444444444,"loss","win"
"267",267,21916,2008-10-31,"Dinamo Minsk","Neftekhimik Nizhnekamsk",4,22,1,23,1138,862,0.488888888888889,0.511111111111111,"win","loss"
"268",268,21917,2008-10-31,"Dynamo M","Lada",4,24,3,16,979,1021,0.6,0.4,"win","loss"
"269",269,21918,2008-10-31,"CSKA Moscow","Salavat Yulaev Ufa",5,32,4,25,996,1004,0.56140350877193,0.43859649122807,"win","loss"
"270",270,21919,2008-10-31,"Spartak Moscow","Traktor Chelyabinsk",4,24,0,28,1167,833,0.461538461538462,0.538461538461538,"win","loss"
"271",271,21920,2008-11-01,"Torpedo Nizhny Novgorod","Sibir Novosibirsk Region",4,24,1,26,1128,872,0.48,0.52,"win","loss"
"272",272,21921,2008-11-01,"HC MVD","Metallurg Novokuznetsk",5,26,1,15,1126,874,0.634146341463415,0.365853658536585,"win","loss"
"273",273,21922,2008-11-01,"Atlant Moscow Region","Amur Khabarovsk",3,24,0,22,1125,875,0.521739130434783,0.478260869565217,"win","loss"
"274",274,21923,2008-11-01,"SKA Saint Petersburg","Barys Astana",4,42,2,21,1000,1000,0.666666666666667,0.333333333333333,"win","loss"
"275",275,21924,2008-11-01,"Lokomotiv Yaroslavl","Khimik",1,45,2,26,945,1055,0.633802816901408,0.366197183098592,"loss","win"
"276",276,21925,2008-11-02,"Salavat Yulaev Ufa","Vityaz Moscow Region",5,23,3,36,1134,866,0.389830508474576,0.610169491525424,"win","loss"
"277",277,21926,2008-11-02,"Ak Bars Kazan","Neftekhimik Nizhnekamsk",6,24,2,32,1188,812,0.428571428571429,0.571428571428571,"win","loss"
"278",278,21927,2008-11-02,"Dynamo M","Avangard Omsk Region",5,33,1,15,1085,915,0.6875,0.3125,"win","loss"
"279",279,21928,2008-11-02,"Spartak Moscow","Metallurg Magnitogorsk",1,26,4,22,857,1143,0.541666666666667,0.458333333333333,"loss","win"
"280",280,21929,2008-11-11,"Metallurg Magnitogorsk","Khimik",3,39,2,23,990,1010,0.629032258064516,0.370967741935484,"win","loss"
"281",281,21930,2008-11-20,"Avangard Omsk Region","Lokomotiv Yaroslavl",1,17,5,34,912,1088,0.333333333333333,0.666666666666667,"loss","win"
"282",282,21931,2008-11-12,"Metallurg Novokuznetsk","CSKA Moscow",0,17,1,36,972,1028,0.320754716981132,0.679245283018868,"loss","win"
"283",283,21932,2008-11-12,"Ak Bars Kazan","Torpedo Nizhny Novgorod",6,31,3,18,1027,973,0.63265306122449,0.36734693877551,"win","loss"
"284",284,21933,2008-11-12,"Neftekhimik Nizhnekamsk","Severstal Cherepovets",3,29,2,27,1029,971,0.517857142857143,0.482142857142857,"win","loss"
"285",285,21934,2008-11-12,"Dynamo M","Vityaz Moscow Region",4,47,2,14,942,1058,0.770491803278688,0.229508196721311,"win","loss"
"286",286,21935,2008-11-13,"HC MVD","SKA Saint Petersburg",0,18,4,10,600,1400,0.642857142857143,0.357142857142857,"loss","win"
"287",287,21936,2008-11-13,"Atlant Moscow Region","Dinamo Minsk",2,36,1,20,1006,994,0.642857142857143,0.357142857142857,"win","loss"
"288",288,21937,2008-11-13,"Sibir Novosibirsk Region","Avangard Omsk Region",4,19,1,14,1139,861,0.575757575757576,0.424242424242424,"win","loss"
"289",289,21938,2008-11-13,"Metallurg Magnitogorsk","Dinamo Riga",5,34,3,24,1022,978,0.586206896551724,0.413793103448276,"win","loss"
"290",290,21939,2008-11-13,"Traktor Chelyabinsk","Khimik",3,33,1,23,1047,953,0.589285714285714,0.410714285714286,"win","loss"
"291",291,21940,2008-11-13,"Lada","Lokomotiv Yaroslavl",2,33,2,29,992,1008,0.532258064516129,0.467741935483871,"draw","draw"
"292",292,21941,2008-11-14,"Amur Khabarovsk","Vityaz Moscow Region",1,22,0,24,1045,955,0.478260869565217,0.521739130434783,"win","loss"
"293",293,21942,2008-11-14,"Metallurg Novokuznetsk","Spartak Moscow",4,27,6,24,898,1102,0.529411764705882,0.470588235294118,"loss","win"
"294",294,21943,2008-11-14,"Sibir Novosibirsk Region","CSKA Moscow",3,30,3,29,997,1003,0.508474576271186,0.491525423728814,"draw","draw"
"295",295,21944,2008-11-14,"Neftekhimik Nizhnekamsk","Torpedo Nizhny Novgorod",1,35,3,19,871,1129,0.648148148148148,0.351851851851852,"loss","win"
"296",296,21945,2008-11-14,"Lada","Severstal Cherepovets",2,22,7,33,879,1121,0.4,0.6,"loss","win"
"297",297,21946,2008-11-14,"Dynamo M","Salavat Yulaev Ufa",3,31,6,24,847,1153,0.563636363636364,0.436363636363636,"loss","win"
"298",298,21947,2008-11-15,"Metallurg Magnitogorsk","Dinamo Minsk",3,35,3,27,975,1025,0.564516129032258,0.435483870967742,"draw","draw"
"299",299,21948,2008-11-15,"Traktor Chelyabinsk","Dinamo Riga",4,31,3,26,1014,986,0.543859649122807,0.456140350877193,"win","loss"
"300",300,21949,2008-11-15,"Ak Bars Kazan","Lokomotiv Yaroslavl",3,24,3,28,1018,982,0.461538461538462,0.538461538461538,"draw","draw"
"301",301,21950,2008-11-15,"Neftekhimik Nizhnekamsk","SKA Saint Petersburg",0,19,1,14,929,1071,0.575757575757576,0.424242424242424,"loss","win"
"302",302,21951,2008-11-15,"Barys Astana","Avangard Omsk Region",4,42,2,23,1008,992,0.646153846153846,0.353846153846154,"win","loss"
"303",303,21952,2008-11-16,"Atlant Moscow Region","Torpedo Nizhny Novgorod",8,33,2,22,1152,848,0.6,0.4,"win","loss"
"304",304,21953,2008-11-16,"Metallurg Novokuznetsk","Vityaz Moscow Region",3,25,1,34,1091,909,0.423728813559322,0.576271186440678,"win","loss"
"305",305,21954,2008-11-16,"Sibir Novosibirsk Region","Spartak Moscow",4,29,1,39,1112,888,0.426470588235294,0.573529411764706,"win","loss"
"306",306,21955,2008-11-16,"Ak Bars Kazan","Severstal Cherepovets",3,27,3,23,981,1019,0.54,0.46,"draw","draw"
"307",307,21956,2008-11-16,"Khimik","CSKA Moscow",3,30,3,33,1009,991,0.476190476190476,0.523809523809524,"draw","draw"
"308",308,21957,2008-11-17,"Metallurg Magnitogorsk","Dynamo M",4,38,3,34,1017,983,0.527777777777778,0.472222222222222,"win","loss"
"309",309,21958,2008-11-17,"Traktor Chelyabinsk","Dinamo Minsk",5,27,2,27,1111,889,0.5,0.5,"win","loss"
"310",310,21959,2008-11-17,"Salavat Yulaev Ufa","Dinamo Riga",4,41,0,20,1098,902,0.672131147540984,0.327868852459016,"win","loss"
"311",311,21960,2008-11-17,"Neftekhimik Nizhnekamsk","Lokomotiv Yaroslavl",1,28,1,28,1000,1000,0.5,0.5,"draw","draw"
"312",312,21961,2008-11-17,"Lada","SKA Saint Petersburg",0,21,4,25,840,1160,0.456521739130435,0.543478260869565,"loss","win"
"313",313,21962,2008-11-17,"Khimik","Avangard Omsk Region",3,17,1,30,1143,857,0.361702127659574,0.638297872340426,"win","loss"
"314",314,21963,2008-11-18,"Amur Khabarovsk","Spartak Moscow",3,39,2,16,952,1048,0.709090909090909,0.290909090909091,"win","loss"
"315",315,21964,2008-11-18,"Sibir Novosibirsk Region","Vityaz Moscow Region",7,48,4,32,1021,979,0.6,0.4,"win","loss"
"316",316,21965,2008-11-18,"CSKA Moscow","HC MVD",4,25,1,31,1128,872,0.446428571428571,0.553571428571429,"win","loss"
"317",317,21966,2008-11-19,"Traktor Chelyabinsk","Dynamo M",3,19,1,30,1125,875,0.387755102040816,0.612244897959184,"win","loss"
"318",318,21967,2008-11-19,"Salavat Yulaev Ufa","Dinamo Minsk",3,35,1,21,1038,962,0.625,0.375,"win","loss"
"319",319,21968,2008-11-19,"Ak Bars Kazan","SKA Saint Petersburg",1,20,3,17,874,1126,0.540540540540541,0.459459459459459,"loss","win"
"320",320,21969,2008-11-19,"Khimik","Barys Astana",3,26,6,36,949,1051,0.419354838709677,0.580645161290323,"loss","win"
"321",321,21970,2008-11-20,"Amur Khabarovsk","CSKA Moscow",3,21,6,27,921,1079,0.4375,0.5625,"loss","win"
"322",322,21971,2008-11-21,"Torpedo Nizhny Novgorod","HC MVD",3,34,1,37,1061,939,0.47887323943662,0.52112676056338,"win","loss"
"323",323,21972,2008-11-21,"Atlant Moscow Region","Metallurg Novokuznetsk",2,42,1,31,1015,985,0.575342465753425,0.424657534246575,"win","loss"
"324",324,21973,2008-11-21,"Metallurg Magnitogorsk","Sibir Novosibirsk Region",3,29,2,32,1041,959,0.475409836065574,0.524590163934426,"win","loss"
"325",325,21974,2008-11-21,"Salavat Yulaev Ufa","Dynamo M",7,42,6,34,990,1010,0.552631578947368,0.447368421052632,"win","loss"
"326",326,21975,2008-11-21,"Ak Bars Kazan","Barys Astana",7,38,0,30,1184,816,0.558823529411765,0.441176470588235,"win","loss"
"327",327,21976,2008-11-21,"Lada","Neftekhimik Nizhnekamsk",0,32,2,24,917,1083,0.571428571428571,0.428571428571429,"loss","win"
"328",328,21977,2008-11-23,"Neftekhimik Nizhnekamsk","Dynamo M",2,19,3,28,998,1002,0.404255319148936,0.595744680851064,"loss","win"
"329",329,21978,2008-11-23,"Avangard Omsk Region","Khimik",2,30,2,29,998,1002,0.508474576271186,0.491525423728814,"draw","draw"
"330",330,21979,2008-11-23,"Severstal Cherepovets","Atlant Moscow Region",2,25,2,22,989,1011,0.531914893617021,0.468085106382979,"draw","draw"
"331",331,21980,2008-11-23,"Lokomotiv Yaroslavl","Sibir Novosibirsk Region",2,32,0,26,1062,938,0.551724137931034,0.448275862068966,"win","loss"
"332",332,21981,2008-11-23,"Spartak Moscow","Metallurg Novokuznetsk",4,37,2,20,1008,992,0.649122807017544,0.350877192982456,"win","loss"
"333",333,21982,2008-11-23,"Vityaz Moscow Region","Amur Khabarovsk",2,20,3,19,942,1058,0.512820512820513,0.487179487179487,"loss","win"
"334",334,21983,2008-11-24,"Dinamo Riga","Lada",0,32,1,20,950,1050,0.615384615384615,0.384615384615385,"loss","win"
"335",335,21984,2008-11-24,"Dinamo Minsk","Traktor Chelyabinsk",3,28,2,20,1007,993,0.583333333333333,0.416666666666667,"win","loss"
"336",336,21985,2008-11-25,"Torpedo Nizhny Novgorod","Atlant Moscow Region",2,27,1,18,1019,981,0.6,0.4,"win","loss"
"337",337,21986,2008-11-25,"Barys Astana","Khimik",4,32,2,22,1034,966,0.592592592592593,0.407407407407407,"win","loss"
"338",338,21987,2008-11-25,"SKA Saint Petersburg","Ak Bars Kazan",5,39,1,17,1069,931,0.696428571428571,0.303571428571429,"win","loss"
"339",339,21988,2008-11-25,"Severstal Cherepovets","Metallurg Novokuznetsk",2,38,2,21,957,1043,0.644067796610169,0.355932203389831,"draw","draw"
"340",340,21989,2008-11-25,"Lokomotiv Yaroslavl","Neftekhimik Nizhnekamsk",3,38,1,36,1051,949,0.513513513513513,0.486486486486487,"win","loss"
"341",341,21990,2008-11-25,"CSKA Moscow","Sibir Novosibirsk Region",5,13,3,9,1051,949,0.590909090909091,0.409090909090909,"win","loss"
"342",342,21991,2008-11-25,"Spartak Moscow","Amur Khabarovsk",1,35,1,29,994,1006,0.546875,0.453125,"draw","draw"
"343",343,21992,2008-11-26,"Lokomotiv Yaroslavl","Lada",4,33,2,23,1034,966,0.589285714285714,0.410714285714286,"win","loss"
"344",344,21993,2008-11-26,"Dinamo Riga","Traktor Chelyabinsk",5,37,0,26,1135,865,0.587301587301587,0.412698412698413,"win","loss"
"345",345,21994,2008-11-27,"HC MVD","Atlant Moscow Region",2,31,3,18,898,1102,0.63265306122449,0.36734693877551,"loss","win"
"346",346,21995,2008-11-27,"SKA Saint Petersburg","Neftekhimik Nizhnekamsk",2,23,2,31,1022,978,0.425925925925926,0.574074074074074,"draw","draw"
"347",347,21996,2008-11-27,"Severstal Cherepovets","Ak Bars Kazan",0,26,7,31,774,1226,0.456140350877193,0.543859649122807,"loss","win"
"348",348,21997,2008-11-27,"Dinamo Riga","Metallurg Magnitogorsk",1,25,1,35,1011,989,0.416666666666667,0.583333333333333,"draw","draw"
"349",349,21998,2008-11-27,"Dinamo Minsk","Salavat Yulaev Ufa",3,13,5,29,1058,942,0.30952380952381,0.69047619047619,"loss","win"
"350",350,21999,2008-11-27,"CSKA Moscow","Amur Khabarovsk",2,35,6,22,784,1216,0.614035087719298,0.385964912280702,"loss","win"
"351",351,22000,2008-11-27,"Spartak Moscow","Sibir Novosibirsk Region",5,31,3,23,1031,969,0.574074074074074,0.425925925925926,"win","loss"
"352",352,22001,2008-11-27,"Vityaz Moscow Region","Metallurg Novokuznetsk",2,37,2,30,987,1013,0.552238805970149,0.447761194029851,"draw","draw"
"353",353,22002,2008-11-28,"HC MVD","Torpedo Nizhny Novgorod",5,31,3,30,1061,939,0.508196721311475,0.491803278688525,"win","loss"
"354",354,22003,2008-11-28,"SKA Saint Petersburg","Lada",2,32,0,16,1062,938,0.666666666666667,0.333333333333333,"win","loss"
"355",355,22004,2008-11-28,"Dynamo M","Traktor Chelyabinsk",4,33,3,29,1018,982,0.532258064516129,0.467741935483871,"win","loss"
"356",356,22005,2008-11-29,"Avangard Omsk Region","Amur Khabarovsk",1,26,3,17,862,1138,0.604651162790698,0.395348837209302,"loss","win"
"357",357,22006,2008-11-29,"Severstal Cherepovets","Neftekhimik Nizhnekamsk",2,19,1,18,1050,950,0.513513513513513,0.486486486486487,"win","loss"
"358",358,22007,2008-11-29,"Lokomotiv Yaroslavl","Ak Bars Kazan",0,36,1,18,944,1056,0.666666666666667,0.333333333333333,"loss","win"
"359",359,22008,2008-11-29,"Dinamo Riga","Salavat Yulaev Ufa",2,26,3,46,1012,988,0.361111111111111,0.638888888888889,"loss","win"
"360",360,22009,2008-11-29,"Dinamo Minsk","Metallurg Magnitogorsk",4,22,4,34,1064,936,0.392857142857143,0.607142857142857,"draw","draw"
"361",361,22010,2008-11-29,"CSKA Moscow","Metallurg Novokuznetsk",3,30,2,23,1013,987,0.566037735849057,0.433962264150943,"win","loss"
"362",362,22011,2008-11-29,"Vityaz Moscow Region","Sibir Novosibirsk Region",5,47,4,14,821,1179,0.770491803278688,0.229508196721311,"win","loss"
"363",363,22012,2008-11-30,"HC MVD","Traktor Chelyabinsk",5,28,2,13,1025,975,0.682926829268293,0.317073170731707,"win","loss"
"364",364,22013,2008-11-30,"SKA Saint Petersburg","Khimik",2,34,1,13,982,1018,0.723404255319149,0.276595744680851,"win","loss"
"365",365,22014,2008-11-30,"Severstal Cherepovets","Lada",0,26,2,25,920,1080,0.509803921568627,0.490196078431373,"loss","win"
"366",366,22015,2008-12-01,"Torpedo Nizhny Novgorod","Ak Bars Kazan",3,26,4,23,941,1059,0.530612244897959,0.469387755102041,"loss","win"
"367",367,22016,2008-12-01,"Avangard Omsk Region","Barys Astana",2,33,5,35,918,1082,0.485294117647059,0.514705882352941,"loss","win"
"368",368,22017,2008-12-01,"Dynamo M","Metallurg Magnitogorsk",5,26,6,23,931,1069,0.530612244897959,0.469387755102041,"loss","win"
"369",369,22018,2008-12-01,"Spartak Moscow","Salavat Yulaev Ufa",1,28,5,33,884,1116,0.459016393442623,0.540983606557377,"loss","win"
"370",370,22019,2008-12-02,"Atlant Moscow Region","HC MVD",0,25,1,32,969,1031,0.43859649122807,0.56140350877193,"loss","win"
"371",371,22020,2008-12-02,"CSKA Moscow","Khimik",5,36,1,13,1062,938,0.73469387755102,0.26530612244898,"win","loss"
"372",372,22021,2008-12-02,"Vityaz Moscow Region","Lada",1,21,3,37,967,1033,0.362068965517241,0.637931034482759,"loss","win"
"373",373,22022,2008-12-03,"Lokomotiv Yaroslavl","Dinamo Riga",2,42,4,31,919,1081,0.575342465753425,0.424657534246575,"loss","win"
"374",374,22023,2008-12-04,"Metallurg Novokuznetsk","Severstal Cherepovets",3,24,1,28,1089,911,0.461538461538462,0.538461538461538,"win","loss"
"375",375,22024,2008-12-04,"Traktor Chelyabinsk","SKA Saint Petersburg",4,16,1,23,1207,793,0.41025641025641,0.58974358974359,"win","loss"
"376",376,22025,2008-12-04,"Spartak Moscow","Atlant Moscow Region",4,39,1,30,1069,931,0.565217391304348,0.434782608695652,"win","loss"
"377",377,22026,2008-12-05,"Neftekhimik Nizhnekamsk","Ak Bars Kazan",1,30,4,22,852,1148,0.576923076923077,0.423076923076923,"loss","win"
"378",378,22027,2008-12-05,"Dinamo Minsk","Dinamo Riga",4,18,2,28,1151,849,0.391304347826087,0.608695652173913,"win","loss"
"379",379,22028,2008-12-05,"Vityaz Moscow Region","Metallurg Magnitogorsk",1,35,6,30,829,1171,0.538461538461538,0.461538461538462,"loss","win"
"380",380,22029,2008-12-06,"Sibir Novosibirsk Region","Lokomotiv Yaroslavl",2,24,3,41,1010,990,0.369230769230769,0.630769230769231,"loss","win"
"381",381,22030,2008-12-06,"Traktor Chelyabinsk","CSKA Moscow",5,29,1,46,1151,849,0.386666666666667,0.613333333333333,"win","loss"
"382",382,22031,2008-12-06,"Salavat Yulaev Ufa","Spartak Moscow",2,28,1,37,1044,956,0.430769230769231,0.569230769230769,"win","loss"
"383",383,22032,2008-12-06,"Avangard Omsk Region","Severstal Cherepovets",5,23,2,33,1157,843,0.410714285714286,0.589285714285714,"win","loss"
"384",384,22033,2008-12-06,"Barys Astana","SKA Saint Petersburg",1,26,4,35,924,1076,0.426229508196721,0.573770491803279,"loss","win"
"385",385,22034,2008-12-07,"Metallurg Novokuznetsk","Torpedo Nizhny Novgorod",1,28,2,40,986,1014,0.411764705882353,0.588235294117647,"loss","win"
"386",386,22035,2008-12-07,"Ak Bars Kazan","Dinamo Riga",0,33,2,24,917,1083,0.578947368421053,0.421052631578947,"loss","win"
"387",387,22036,2008-12-07,"Neftekhimik Nizhnekamsk","Dinamo Minsk",2,31,0,15,1065,935,0.673913043478261,0.326086956521739,"win","loss"
"388",388,22037,2008-12-07,"Lada","Dynamo M",1,28,1,23,992,1008,0.549019607843137,0.450980392156863,"draw","draw"
"389",389,22038,2008-12-08,"Amur Khabarovsk","Atlant Moscow Region",1,22,2,24,962,1038,0.478260869565217,0.521739130434783,"loss","win"
"390",390,22039,2008-12-08,"Metallurg Novokuznetsk","HC MVD",3,22,4,36,1025,975,0.379310344827586,0.620689655172414,"loss","win"
"391",391,22040,2008-12-08,"Metallurg Magnitogorsk","Spartak Moscow",6,36,1,25,1127,873,0.590163934426229,0.409836065573771,"win","loss"
"392",392,22041,2008-12-08,"Traktor Chelyabinsk","Vityaz Moscow Region",5,31,4,36,1050,950,0.462686567164179,0.537313432835821,"win","loss"
"393",393,22042,2008-12-08,"Salavat Yulaev Ufa","CSKA Moscow",4,41,3,28,990,1010,0.594202898550725,0.405797101449275,"win","loss"
"394",394,22043,2008-12-08,"Avangard Omsk Region","Lokomotiv Yaroslavl",3,30,1,20,1050,950,0.6,0.4,"win","loss"
"395",395,22044,2008-12-08,"Barys Astana","Severstal Cherepovets",1,35,4,33,907,1093,0.514705882352941,0.485294117647059,"loss","win"
"396",396,22045,2008-12-08,"Khimik","SKA Saint Petersburg",0,18,5,29,828,1172,0.382978723404255,0.617021276595745,"loss","win"
"397",397,22046,2008-12-09,"Sibir Novosibirsk Region","Torpedo Nizhny Novgorod",4,26,5,21,916,1084,0.553191489361702,0.446808510638298,"loss","win"
"398",398,22047,2008-12-09,"Ak Bars Kazan","Dinamo Minsk",2,29,1,18,1013,987,0.617021276595745,0.382978723404255,"win","loss"
"399",399,22048,2008-12-09,"Neftekhimik Nizhnekamsk","Dynamo M",6,23,2,28,1189,811,0.450980392156863,0.549019607843137,"win","loss"
"400",400,22049,2008-12-09,"Lada","Dinamo Riga",0,31,1,21,952,1048,0.596153846153846,0.403846153846154,"loss","win"
"401",401,22050,2008-12-10,"Metallurg Novokuznetsk","Atlant Moscow Region",3,21,4,37,1035,965,0.362068965517241,0.637931034482759,"loss","win"
"402",402,22051,2008-12-10,"Sibir Novosibirsk Region","HC MVD",1,29,3,34,946,1054,0.46031746031746,0.53968253968254,"loss","win"
"403",403,22052,2008-12-10,"Traktor Chelyabinsk","Spartak Moscow",1,28,4,26,882,1118,0.518518518518518,0.481481481481481,"loss","win"
"404",404,22053,2008-12-10,"Avangard Omsk Region","SKA Saint Petersburg",5,22,1,24,1186,814,0.478260869565217,0.521739130434783,"win","loss"
"405",405,22054,2008-12-10,"Barys Astana","Lokomotiv Yaroslavl",3,35,6,39,932,1068,0.472972972972973,0.527027027027027,"loss","win"
"406",406,22055,2008-12-10,"Khimik","Severstal Cherepovets",3,26,1,39,1090,910,0.4,0.6,"win","loss"
"407",407,22056,2008-12-11,"Amur Khabarovsk","Torpedo Nizhny Novgorod",1,18,2,15,922,1078,0.545454545454545,0.454545454545455,"loss","win"
"408",408,22057,2008-12-11,"Ak Bars Kazan","Dynamo M",1,17,0,24,1059,941,0.414634146341463,0.585365853658537,"win","loss"
"409",409,22058,2008-12-11,"Neftekhimik Nizhnekamsk","Dinamo Riga",1,25,3,20,890,1110,0.555555555555556,0.444444444444444,"loss","win"
"410",410,22059,2008-12-11,"Lada","Dinamo Minsk",1,29,0,19,1034,966,0.604166666666667,0.395833333333333,"win","loss"
"411",411,22060,2008-12-12,"Metallurg Novokuznetsk","Spartak Moscow",3,21,2,26,1066,934,0.446808510638298,0.553191489361702,"win","loss"
"412",412,22061,2008-12-12,"Sibir Novosibirsk Region","Atlant Moscow Region",4,23,1,35,1145,855,0.396551724137931,0.603448275862069,"win","loss"
"413",413,22062,2008-12-12,"Traktor Chelyabinsk","HC MVD",2,32,6,29,856,1144,0.524590163934426,0.475409836065574,"loss","win"
"414",414,22063,2008-12-12,"Khimik","Lokomotiv Yaroslavl",1,22,2,27,971,1029,0.448979591836735,0.551020408163265,"loss","win"
"415",415,22064,2008-12-12,"CSKA Moscow","Metallurg Magnitogorsk",5,42,2,21,1024,976,0.666666666666667,0.333333333333333,"win","loss"
"416",416,22065,2008-12-12,"Vityaz Moscow Region","Salavat Yulaev Ufa",3,34,4,33,967,1033,0.507462686567164,0.492537313432836,"loss","win"
"417",417,22066,2008-12-13,"Barys Astana","Dynamo M",2,22,7,45,935,1065,0.328358208955224,0.671641791044776,"loss","win"
"418",418,22067,2008-12-14,"Salavat Yulaev Ufa","Atlant Moscow Region",1,26,3,34,950,1050,0.433333333333333,0.566666666666667,"loss","win"
"419",419,22068,2008-12-14,"Khimik","HC MVD",0,20,3,24,875,1125,0.454545454545455,0.545454545454545,"loss","win"
"420",420,22069,2008-12-14,"Vityaz Moscow Region","Ak Bars Kazan",2,29,2,24,986,1014,0.547169811320755,0.452830188679245,"draw","draw"
"421",421,22070,2008-12-22,"Dinamo Minsk","Barys Astana",2,22,3,18,924,1076,0.55,0.45,"loss","win"
"422",422,22071,2008-12-23,"Dynamo M","Khimik",5,25,0,14,1200,800,0.641025641025641,0.358974358974359,"win","loss"
"423",423,22072,2008-12-23,"Spartak Moscow","Ak Bars Kazan",1,28,6,31,842,1158,0.474576271186441,0.525423728813559,"loss","win"
"424",424,22073,2008-12-24,"Torpedo Nizhny Novgorod","Salavat Yulaev Ufa",2,20,4,36,989,1011,0.357142857142857,0.642857142857143,"loss","win"
"425",425,22074,2008-12-24,"HC MVD","Metallurg Magnitogorsk",4,32,2,21,1030,970,0.60377358490566,0.39622641509434,"win","loss"
"426",426,22075,2008-12-24,"Atlant Moscow Region","Severstal Cherepovets",3,31,0,31,1097,903,0.5,0.5,"win","loss"
"427",427,22076,2008-12-24,"Metallurg Novokuznetsk","Sibir Novosibirsk Region",2,28,2,29,1002,998,0.491228070175439,0.508771929824561,"draw","draw"
"428",428,22077,2008-12-24,"SKA Saint Petersburg","Traktor Chelyabinsk",4,33,1,13,1044,956,0.717391304347826,0.282608695652174,"win","loss"
"429",429,22078,2008-12-24,"Lokomotiv Yaroslavl","Lada",2,48,2,27,968,1032,0.64,0.36,"draw","draw"
"430",430,22079,2008-12-24,"Dinamo Riga","Avangard Omsk Region",2,22,0,28,1091,909,0.44,0.56,"win","loss"
"431",431,22080,2008-12-24,"Dynamo M","Barys Astana",7,31,6,28,1012,988,0.525423728813559,0.474576271186441,"win","loss"
"432",432,22081,2008-12-24,"CSKA Moscow","Neftekhimik Nizhnekamsk",2,35,2,32,995,1005,0.522388059701492,0.477611940298507,"draw","draw"
"433",433,22082,2008-12-25,"Dinamo Minsk","Khimik",5,19,2,19,1158,842,0.5,0.5,"win","loss"
"434",434,22083,2008-12-25,"CSKA Moscow","Ak Bars Kazan",3,28,5,27,922,1078,0.509090909090909,0.490909090909091,"loss","win"
"435",435,22084,2008-12-26,"Torpedo Nizhny Novgorod","Neftekhimik Nizhnekamsk",4,29,1,27,1101,899,0.517857142857143,0.482142857142857,"win","loss"
"436",436,22085,2008-12-26,"HC MVD","Traktor Chelyabinsk",4,30,2,25,1053,947,0.545454545454545,0.454545454545455,"win","loss"
"437",437,22086,2008-12-26,"Atlant Moscow Region","Salavat Yulaev Ufa",2,36,5,34,908,1092,0.514285714285714,0.485714285714286,"loss","win"
"438",438,22087,2008-12-26,"Metallurg Novokuznetsk","Amur Khabarovsk",1,26,2,33,978,1022,0.440677966101695,0.559322033898305,"loss","win"
"439",439,22088,2008-12-26,"Sibir Novosibirsk Region","Lada",1,23,2,22,953,1047,0.511111111111111,0.488888888888889,"loss","win"
"440",440,22089,2008-12-26,"SKA Saint Petersburg","Metallurg Magnitogorsk",2,40,2,21,955,1045,0.655737704918033,0.344262295081967,"draw","draw"
"441",441,22090,2008-12-26,"Severstal Cherepovets","Lokomotiv Yaroslavl",4,28,3,26,1027,973,0.518518518518518,0.481481481481481,"win","loss"
"442",442,22091,2008-12-26,"Dinamo Minsk","Avangard Omsk Region",3,20,7,27,891,1109,0.425531914893617,0.574468085106383,"loss","win"
"443",443,22092,2008-12-26,"Vityaz Moscow Region","Barys Astana",2,35,3,32,963,1037,0.522388059701492,0.477611940298507,"loss","win"
"444",444,22093,2008-12-27,"Dinamo Riga","Khimik",4,30,2,25,1053,947,0.545454545454545,0.454545454545455,"win","loss"
"445",445,22094,2008-12-27,"Vityaz Moscow Region","Ak Bars Kazan",5,32,6,28,942,1058,0.533333333333333,0.466666666666667,"loss","win"
"446",446,22095,2008-12-28,"Torpedo Nizhny Novgorod","Metallurg Magnitogorsk",2,17,2,23,1031,969,0.425,0.575,"draw","draw"
"447",447,22096,2008-12-28,"Atlant Moscow Region","Traktor Chelyabinsk",2,35,2,45,1013,987,0.4375,0.5625,"draw","draw"
"448",448,22097,2008-12-28,"Sibir Novosibirsk Region","Amur Khabarovsk",2,35,3,28,950,1050,0.555555555555556,0.444444444444444,"loss","win"
"449",449,22098,2008-12-28,"SKA Saint Petersburg","Severstal Cherepovets",1,50,1,22,975,1025,0.694444444444444,0.305555555555556,"draw","draw"
"450",450,22099,2008-12-28,"Lokomotiv Yaroslavl","Avangard Omsk Region",4,38,2,30,1039,961,0.558823529411765,0.441176470588235,"win","loss"
"451",451,22100,2008-12-28,"Dinamo Riga","Barys Astana",1,38,0,31,1026,974,0.550724637681159,0.449275362318841,"win","loss"
"452",452,22101,2008-12-28,"Dinamo Minsk","Salavat Yulaev Ufa",3,19,6,37,996,1004,0.339285714285714,0.660714285714286,"loss","win"
"453",453,22102,2008-12-28,"CSKA Moscow","Lada",3,33,2,15,958,1042,0.6875,0.3125,"win","loss"
"454",454,22103,2008-12-28,"Spartak Moscow","Neftekhimik Nizhnekamsk",4,28,2,19,1038,962,0.595744680851064,0.404255319148936,"win","loss"
"455",455,22104,2008-12-29,"HC MVD","Khimik",5,24,4,17,973,1027,0.585365853658537,0.414634146341463,"win","loss"
"456",456,22105,2008-12-29,"Sibir Novosibirsk Region","Amur Khabarovsk",2,25,1,29,1046,954,0.462962962962963,0.537037037037037,"win","loss"
"457",457,22106,2008-12-30,"Torpedo Nizhny Novgorod","Traktor Chelyabinsk",5,37,7,30,902,1098,0.552238805970149,0.447761194029851,"loss","win"
"458",458,22107,2008-12-30,"HC MVD","Salavat Yulaev Ufa",2,28,5,20,821,1179,0.583333333333333,0.416666666666667,"loss","win"
"459",459,22108,2008-12-30,"Atlant Moscow Region","Metallurg Magnitogorsk",5,25,2,26,1123,877,0.490196078431373,0.509803921568627,"win","loss"
"460",460,22109,2008-12-30,"Lokomotiv Yaroslavl","SKA Saint Petersburg",5,26,0,33,1192,808,0.440677966101695,0.559322033898305,"win","loss"
"461",461,22110,2008-12-30,"Dinamo Minsk","Severstal Cherepovets",2,28,2,20,971,1029,0.583333333333333,0.416666666666667,"draw","draw"
"462",462,22111,2008-12-30,"Spartak Moscow","Lada",2,45,2,19,939,1061,0.703125,0.296875,"draw","draw"
"463",463,22112,2008-12-30,"Vityaz Moscow Region","Neftekhimik Nizhnekamsk",2,33,1,30,1027,973,0.523809523809524,0.476190476190476,"win","loss"
"464",464,22113,2009-01-03,"Metallurg Magnitogorsk","Amur Khabarovsk",4,26,1,28,1118,882,0.481481481481481,0.518518518518518,"win","loss"
"465",465,22114,2009-01-03,"Traktor Chelyabinsk","CSKA Moscow",3,29,4,20,903,1097,0.591836734693878,0.408163265306122,"loss","win"
"466",466,22115,2009-01-03,"Salavat Yulaev Ufa","Sibir Novosibirsk Region",4,32,0,36,1125,875,0.470588235294118,0.529411764705882,"win","loss"
"467",467,22116,2009-01-03,"Lada","Atlant Moscow Region",2,17,3,21,975,1025,0.447368421052632,0.552631578947368,"loss","win"
"468",468,22117,2009-01-03,"Avangard Omsk Region","Spartak Moscow",1,34,1,30,996,1004,0.53125,0.46875,"draw","draw"
"469",469,22118,2009-01-03,"SKA Saint Petersburg","Dinamo Riga",4,36,0,19,1111,889,0.654545454545455,0.345454545454545,"win","loss"
"470",470,22119,2009-01-04,"Neftekhimik Nizhnekamsk","HC MVD",4,43,2,22,1002,998,0.661538461538462,0.338461538461538,"win","loss"
"471",471,22120,2009-01-04,"Lada","Torpedo Nizhny Novgorod",0,19,2,20,900,1100,0.487179487179487,0.512820512820513,"loss","win"
"472",472,22121,2009-01-04,"Barys Astana","Vityaz Moscow Region",11,36,6,36,1139,861,0.5,0.5,"win","loss"
"473",473,22122,2009-01-04,"Severstal Cherepovets","Dinamo Minsk",3,23,2,18,1019,981,0.560975609756098,0.439024390243902,"win","loss"
"474",474,22123,2009-01-05,"Metallurg Magnitogorsk","Metallurg Novokuznetsk",7,37,4,24,1023,977,0.60655737704918,0.39344262295082,"win","loss"
"475",475,22124,2009-01-05,"Traktor Chelyabinsk","Sibir Novosibirsk Region",1,31,4,28,889,1111,0.525423728813559,0.474576271186441,"loss","win"
"476",476,22125,2009-01-05,"Salavat Yulaev Ufa","Amur Khabarovsk",4,38,1,17,1046,954,0.690909090909091,0.309090909090909,"win","loss"
"477",477,22126,2009-01-05,"Ak Bars Kazan","Atlant Moscow Region",2,25,3,20,930,1070,0.555555555555556,0.444444444444444,"loss","win"
"478",478,22127,2009-01-05,"Avangard Omsk Region","CSKA Moscow",2,31,2,39,1013,987,0.442857142857143,0.557142857142857,"draw","draw"
"479",479,22128,2009-01-05,"Barys Astana","Spartak Moscow",3,29,5,35,961,1039,0.453125,0.546875,"loss","win"
"480",480,22129,2009-01-05,"Severstal Cherepovets","Dinamo Riga",3,17,1,27,1139,861,0.386363636363636,0.613636363636364,"win","loss"
"481",481,22130,2009-01-05,"Lokomotiv Yaroslavl","Dynamo M",4,33,3,28,1014,986,0.540983606557377,0.459016393442623,"win","loss"
"482",482,22131,2009-01-06,"Ak Bars Kazan","Torpedo Nizhny Novgorod",0,31,2,19,895,1105,0.62,0.38,"loss","win"
"483",483,22132,2009-01-06,"Lada","HC MVD",2,31,0,26,1065,935,0.543859649122807,0.456140350877193,"win","loss"
"484",484,22133,2009-01-06,"Khimik","Vityaz Moscow Region",1,34,3,32,936,1064,0.515151515151515,0.484848484848485,"loss","win"
"485",485,22134,2009-01-06,"SKA Saint Petersburg","Dinamo Minsk",0,36,1,10,900,1100,0.782608695652174,0.217391304347826,"loss","win"
"486",486,22135,2009-01-07,"Traktor Chelyabinsk","Metallurg Novokuznetsk",2,45,0,22,1044,956,0.671641791044776,0.328358208955224,"win","loss"
"487",487,22136,2009-01-07,"Neftekhimik Nizhnekamsk","Atlant Moscow Region",1,37,3,17,851,1149,0.685185185185185,0.314814814814815,"loss","win"
"488",488,22137,2009-01-07,"Lada","Amur Khabarovsk",2,29,3,24,944,1056,0.547169811320755,0.452830188679245,"loss","win"
"489",489,22138,2009-01-07,"Avangard Omsk Region","Sibir Novosibirsk Region",4,36,4,28,968,1032,0.5625,0.4375,"draw","draw"
"490",490,22139,2009-01-07,"Barys Astana","CSKA Moscow",2,29,5,29,897,1103,0.5,0.5,"loss","win"
"491",491,22140,2009-01-07,"Khimik","Spartak Moscow",2,19,3,28,998,1002,0.404255319148936,0.595744680851064,"loss","win"
"492",492,22141,2009-01-07,"Severstal Cherepovets","Dynamo M",1,33,2,27,956,1044,0.55,0.45,"loss","win"
"493",493,22142,2009-01-07,"Lokomotiv Yaroslavl","Dinamo Riga",6,43,1,27,1102,898,0.614285714285714,0.385714285714286,"win","loss"
"494",494,22143,2009-01-08,"Ak Bars Kazan","HC MVD",3,28,1,30,1074,926,0.482758620689655,0.517241379310345,"win","loss"
"495",495,22144,2009-01-08,"Neftekhimik Nizhnekamsk","Torpedo Nizhny Novgorod",4,24,2,19,1061,939,0.558139534883721,0.441860465116279,"win","loss"
"496",496,22145,2009-01-08,"Avangard Omsk Region","Vityaz Moscow Region",2,40,1,25,1010,990,0.615384615384615,0.384615384615385,"win","loss"
"497",497,22146,2009-01-08,"Lokomotiv Yaroslavl","Dinamo Minsk",2,34,1,18,1003,997,0.653846153846154,0.346153846153846,"win","loss"
"498",498,22147,2009-01-09,"Metallurg Magnitogorsk","Traktor Chelyabinsk",4,31,2,45,1085,915,0.407894736842105,0.592105263157895,"win","loss"
"499",499,22148,2009-01-09,"Salavat Yulaev Ufa","Metallurg Novokuznetsk",3,32,1,18,1038,962,0.64,0.36,"win","loss"
"500",500,22149,2009-01-09,"Lada","Dinamo Riga",0,24,2,17,882,1118,0.585365853658537,0.414634146341463,"loss","win"
"501",501,22150,2009-01-09,"Khimik","CSKA Moscow",2,23,4,31,958,1042,0.425925925925926,0.574074074074074,"loss","win"
"502",502,22151,2009-01-09,"SKA Saint Petersburg","Dynamo M",3,36,3,31,987,1013,0.537313432835821,0.462686567164179,"draw","draw"
"503",503,22152,2009-01-13,"Amur Khabarovsk","HC MVD",3,29,0,32,1103,897,0.475409836065574,0.524590163934426,"win","loss"
"504",504,22153,2009-01-13,"Salavat Yulaev Ufa","Traktor Chelyabinsk",4,30,1,28,1098,902,0.517241379310345,0.482758620689655,"win","loss"
"505",505,22154,2009-01-13,"Severstal Cherepovets","SKA Saint Petersburg",1,18,4,22,874,1126,0.45,0.55,"loss","win"
"506",506,22155,2009-01-13,"CSKA Moscow","Metallurg Magnitogorsk",0,26,3,28,893,1107,0.481481481481481,0.518518518518518,"loss","win"
"507",507,22156,2009-01-14,"Atlant Moscow Region","Avangard Omsk Region",5,26,1,18,1137,863,0.590909090909091,0.409090909090909,"win","loss"
"508",508,22157,2009-01-15,"Torpedo Nizhny Novgorod","Barys Astana",6,37,1,20,1112,888,0.649122807017544,0.350877192982456,"win","loss"
"509",509,22158,2009-01-15,"HC MVD","Khimik",4,18,3,11,949,1051,0.620689655172414,0.379310344827586,"win","loss"
"510",510,22159,2009-01-15,"Amur Khabarovsk","Ak Bars Kazan",2,26,3,26,962,1038,0.5,0.5,"loss","win"
"511",511,22160,2009-01-15,"Metallurg Novokuznetsk","Neftekhimik Nizhnekamsk",2,16,3,32,1031,969,0.333333333333333,0.666666666666667,"loss","win"
"512",512,22161,2009-01-15,"Sibir Novosibirsk Region","Lada",0,16,2,17,882,1118,0.484848484848485,0.515151515151515,"loss","win"
"513",513,22162,2009-01-15,"Salavat Yulaev Ufa","Metallurg Magnitogorsk",3,35,3,22,949,1051,0.614035087719298,0.385964912280702,"draw","draw"
"514",514,22163,2009-01-15,"Dynamo M","Dinamo Minsk",1,28,5,22,808,1192,0.56,0.44,"loss","win"
"515",515,22164,2009-01-15,"CSKA Moscow","Lokomotiv Yaroslavl",2,35,3,28,950,1050,0.555555555555556,0.444444444444444,"loss","win"
"516",516,22165,2009-01-15,"Spartak Moscow","Severstal Cherepovets",5,45,1,22,1066,934,0.671641791044776,0.328358208955224,"win","loss"
"517",517,22166,2009-01-15,"Vityaz Moscow Region","SKA Saint Petersburg",5,18,4,36,1167,833,0.333333333333333,0.666666666666667,"win","loss"
"518",518,22167,2009-01-16,"Dinamo Riga","Avangard Omsk Region",5,41,4,37,1014,986,0.525641025641026,0.474358974358974,"win","loss"
"519",519,22168,2009-01-17,"Torpedo Nizhny Novgorod","Khimik",6,31,1,21,1146,854,0.596153846153846,0.403846153846154,"win","loss"
"520",520,22169,2009-01-17,"Amur Khabarovsk","Neftekhimik Nizhnekamsk",3,34,4,19,878,1122,0.641509433962264,0.358490566037736,"loss","win"
"521",521,22170,2009-01-17,"Metallurg Novokuznetsk","Lada",3,22,1,35,1108,892,0.385964912280702,0.614035087719298,"win","loss"
"522",522,22171,2009-01-17,"Sibir Novosibirsk Region","Ak Bars Kazan",2,26,3,26,962,1038,0.5,0.5,"loss","win"
"523",523,22172,2009-01-17,"Traktor Chelyabinsk","Metallurg Magnitogorsk",3,28,2,18,996,1004,0.608695652173913,0.391304347826087,"win","loss"
"524",524,22173,2009-01-17,"Salavat Yulaev Ufa","Dinamo Minsk",5,40,1,23,1082,918,0.634920634920635,0.365079365079365,"win","loss"
"525",525,22174,2009-01-17,"Dynamo M","Barys Astana",4,25,3,14,946,1054,0.641025641025641,0.358974358974359,"win","loss"
"526",526,22175,2009-01-17,"CSKA Moscow","SKA Saint Petersburg",4,19,0,25,1211,789,0.431818181818182,0.568181818181818,"win","loss"
"527",527,22176,2009-01-17,"Spartak Moscow","Lokomotiv Yaroslavl",3,34,2,25,1008,992,0.576271186440678,0.423728813559322,"win","loss"
"528",528,22177,2009-01-17,"Vityaz Moscow Region","Severstal Cherepovets",3,26,5,34,968,1032,0.433333333333333,0.566666666666667,"loss","win"
"529",529,22178,2009-01-18,"HC MVD","Avangard Omsk Region",2,29,3,18,902,1098,0.617021276595745,0.382978723404255,"loss","win"
"530",530,22179,2009-01-19,"Atlant Moscow Region","Barys Astana",5,34,1,15,1080,920,0.693877551020408,0.306122448979592,"win","loss"
"531",531,22180,2009-01-19,"Amur Khabarovsk","Lada",1,31,4,28,889,1111,0.525423728813559,0.474576271186441,"loss","win"
"532",532,22181,2009-01-19,"Metallurg Novokuznetsk","Ak Bars Kazan",0,22,2,41,951,1049,0.349206349206349,0.650793650793651,"loss","win"
"533",533,22182,2009-01-19,"Sibir Novosibirsk Region","Neftekhimik Nizhnekamsk",3,29,2,41,1055,945,0.414285714285714,0.585714285714286,"win","loss"
"534",534,22183,2009-01-19,"Metallurg Magnitogorsk","SKA Saint Petersburg",3,28,1,38,1081,919,0.424242424242424,0.575757575757576,"win","loss"
"535",535,22184,2009-01-19,"Salavat Yulaev Ufa","Severstal Cherepovets",4,44,3,22,955,1045,0.666666666666667,0.333333333333333,"win","loss"
"536",536,22185,2009-01-19,"Dinamo Riga","Lokomotiv Yaroslavl",2,25,1,36,1052,948,0.409836065573771,0.590163934426229,"win","loss"
"537",537,22186,2009-01-19,"Dynamo M","Vityaz Moscow Region",6,46,1,12,1047,953,0.793103448275862,0.206896551724138,"win","loss"
"538",538,22187,2009-01-19,"CSKA Moscow","Khimik",4,31,2,19,1024,976,0.62,0.38,"win","loss"
"539",539,22188,2009-01-19,"Spartak Moscow","Dinamo Minsk",7,47,4,23,975,1025,0.671428571428571,0.328571428571429,"win","loss"
"540",540,22189,2009-01-20,"Torpedo Nizhny Novgorod","Avangard Omsk Region",3,24,2,26,1048,952,0.48,0.52,"win","loss"
"541",541,22190,2009-01-20,"Amur Khabarovsk","Lada",2,26,0,26,1077,923,0.5,0.5,"win","loss"
"542",542,22191,2009-01-21,"HC MVD","Barys Astana",0,28,3,19,842,1158,0.595744680851064,0.404255319148936,"loss","win"
"543",543,22192,2009-01-21,"Atlant Moscow Region","Khimik",8,31,1,28,1222,778,0.525423728813559,0.474576271186441,"win","loss"
"544",544,22193,2009-01-21,"CSKA Moscow","Severstal Cherepovets",4,35,1,33,1084,916,0.514705882352941,0.485294117647059,"win","loss"
"545",545,22194,2009-01-21,"Spartak Moscow","SKA Saint Petersburg",0,34,1,20,950,1050,0.62962962962963,0.37037037037037,"loss","win"
"546",546,22195,2009-01-21,"Vityaz Moscow Region","Lokomotiv Yaroslavl",2,36,1,36,1028,972,0.5,0.5,"win","loss"
"547",547,22196,2009-01-22,"Dynamo M","Dinamo Riga",7,34,1,28,1170,830,0.548387096774194,0.451612903225806,"win","loss"
"548",548,22197,2009-01-24,"Khimik","Traktor Chelyabinsk",3,24,2,28,1054,946,0.461538461538462,0.538461538461538,"win","loss"
"549",549,22198,2009-01-24,"Dinamo Minsk","Atlant Moscow Region",1,23,6,27,821,1179,0.46,0.54,"loss","win"
"550",550,22199,2009-01-25,"Ak Bars Kazan","Metallurg Magnitogorsk",0,26,2,12,833,1167,0.684210526315789,0.315789473684211,"loss","win"
"551",551,22200,2009-01-28,"Neftekhimik Nizhnekamsk","Salavat Yulaev Ufa",2,25,3,28,973,1027,0.471698113207547,0.528301886792453,"loss","win"
"552",552,22201,2009-01-25,"Dinamo Riga","Vityaz Moscow Region",4,56,2,41,1023,977,0.577319587628866,0.422680412371134,"win","loss"
"553",553,22202,2009-01-25,"Dynamo M","CSKA Moscow",2,33,1,15,994,1006,0.6875,0.3125,"win","loss"
"554",554,22203,2009-01-26,"Lada","Traktor Chelyabinsk",4,31,1,36,1101,899,0.462686567164179,0.537313432835821,"win","loss"
"555",555,22204,2009-01-26,"Avangard Omsk Region","Metallurg Novokuznetsk",3,43,4,23,896,1104,0.651515151515151,0.348484848484849,"loss","win"
"556",556,22205,2009-01-26,"Barys Astana","Amur Khabarovsk",4,37,4,21,918,1082,0.637931034482759,0.362068965517241,"draw","draw"
"557",557,22206,2009-01-26,"Khimik","Sibir Novosibirsk Region",4,26,3,31,1057,943,0.456140350877193,0.543859649122807,"win","loss"
"558",558,22207,2009-01-26,"SKA Saint Petersburg","Atlant Moscow Region",1,38,2,15,893,1107,0.716981132075472,0.283018867924528,"loss","win"
"559",559,22208,2009-01-26,"Severstal Cherepovets","HC MVD",4,26,1,27,1117,883,0.490566037735849,0.509433962264151,"win","loss"
"560",560,22209,2009-01-26,"Lokomotiv Yaroslavl","Torpedo Nizhny Novgorod",2,27,4,32,949,1051,0.457627118644068,0.542372881355932,"loss","win"
"561",561,22210,2009-01-27,"Dinamo Minsk","CSKA Moscow",3,27,4,35,997,1003,0.435483870967742,0.564516129032258,"loss","win"
"562",562,22211,2009-01-27,"Vityaz Moscow Region","Dynamo M",0,11,6,34,824,1176,0.244444444444444,0.755555555555556,"loss","win"
"563",563,22212,2009-01-28,"Ak Bars Kazan","Traktor Chelyabinsk",6,25,2,17,1122,878,0.595238095238095,0.404761904761905,"win","loss"
"564",564,22213,2009-01-28,"Lada","Sibir Novosibirsk Region",3,24,2,18,1014,986,0.571428571428571,0.428571428571429,"win","loss"
"565",565,22214,2009-01-28,"Barys Astana","Metallurg Novokuznetsk",3,30,1,14,1029,971,0.681818181818182,0.318181818181818,"win","loss"
"566",566,22215,2009-01-28,"Khimik","Amur Khabarovsk",5,23,2,24,1134,866,0.48936170212766,0.51063829787234,"win","loss"
"567",567,22216,2009-01-28,"SKA Saint Petersburg","HC MVD",2,43,2,29,978,1022,0.597222222222222,0.402777777777778,"draw","draw"
"568",568,22217,2009-01-28,"Severstal Cherepovets","Torpedo Nizhny Novgorod",3,40,4,23,901,1099,0.634920634920635,0.365079365079365,"loss","win"
"569",569,22218,2009-01-28,"Lokomotiv Yaroslavl","Atlant Moscow Region",5,38,1,32,1100,900,0.542857142857143,0.457142857142857,"win","loss"
"570",570,22219,2009-01-28,"Dinamo Riga","Spartak Moscow",4,29,1,34,1109,891,0.46031746031746,0.53968253968254,"win","loss"
"571",571,22220,2009-01-29,"Dinamo Riga","CSKA Moscow",2,25,6,25,840,1160,0.5,0.5,"loss","win"
"572",572,22221,2009-01-29,"Dinamo Minsk","Vityaz Moscow Region",4,22,4,33,1061,939,0.4,0.6,"draw","draw"
"573",573,22222,2009-01-30,"Ak Bars Kazan","Salavat Yulaev Ufa",2,23,2,20,987,1013,0.534883720930233,0.465116279069767,"draw","draw"
"574",574,22223,2009-01-30,"Neftekhimik Nizhnekamsk","Traktor Chelyabinsk",2,26,4,22,895,1105,0.541666666666667,0.458333333333333,"loss","win"
"575",575,22224,2009-02-03,"Lada","Metallurg Magnitogorsk",2,15,1,23,1090,910,0.394736842105263,0.605263157894737,"win","loss"
"576",576,22225,2009-01-30,"Avangard Omsk Region","Amur Khabarovsk",2,31,5,24,856,1144,0.563636363636364,0.436363636363636,"loss","win"
"577",577,22226,2009-01-30,"Barys Astana","Sibir Novosibirsk Region",3,36,3,20,933,1067,0.642857142857143,0.357142857142857,"draw","draw"
"578",578,22227,2009-01-30,"Khimik","Metallurg Novokuznetsk",1,27,3,27,926,1074,0.5,0.5,"loss","win"
"579",579,22228,2009-01-30,"SKA Saint Petersburg","Torpedo Nizhny Novgorod",2,38,2,30,986,1014,0.558823529411765,0.441176470588235,"draw","draw"
"580",580,22229,2009-01-30,"Severstal Cherepovets","Atlant Moscow Region",0,32,6,32,812,1188,0.5,0.5,"loss","win"
"581",581,22230,2009-01-30,"Lokomotiv Yaroslavl","HC MVD",7,27,2,37,1205,795,0.421875,0.578125,"win","loss"
"582",582,22231,2009-01-30,"Dynamo M","Spartak Moscow",4,25,1,20,1110,890,0.555555555555556,0.444444444444444,"win","loss"
"583",583,22232,2009-02-01,"HC MVD","CSKA Moscow",2,22,0,20,1091,909,0.523809523809524,0.476190476190476,"win","loss"
"584",584,22233,2009-02-01,"Neftekhimik Nizhnekamsk","Metallurg Magnitogorsk",5,24,1,26,1170,830,0.48,0.52,"win","loss"
"585",585,22234,2009-02-01,"Lada","Salavat Yulaev Ufa",5,24,2,24,1125,875,0.5,0.5,"win","loss"
"586",586,22235,2009-02-01,"Avangard Omsk Region","Sibir Novosibirsk Region",7,38,1,17,1125,875,0.690909090909091,0.309090909090909,"win","loss"
"587",587,22236,2009-02-01,"Dinamo Minsk","Spartak Moscow",0,17,2,31,935,1065,0.354166666666667,0.645833333333333,"loss","win"
"588",588,22237,2009-02-01,"Dynamo M","Torpedo Nizhny Novgorod",4,37,2,24,1025,975,0.60655737704918,0.39344262295082,"win","loss"
"589",589,22238,2009-02-11,"Torpedo Nizhny Novgorod","Dinamo Minsk",3,24,2,23,1038,962,0.51063829787234,0.48936170212766,"win","loss"
"590",590,22239,2009-02-11,"Amur Khabarovsk","Lokomotiv Yaroslavl",2,27,5,31,913,1087,0.46551724137931,0.53448275862069,"loss","win"
"591",591,22240,2009-02-11,"Metallurg Magnitogorsk","CSKA Moscow",4,36,4,31,982,1018,0.537313432835821,0.462686567164179,"draw","draw"
"592",592,22241,2009-02-11,"Salavat Yulaev Ufa","Spartak Moscow",2,24,1,31,1051,949,0.436363636363636,0.563636363636364,"win","loss"
"593",593,22242,2009-02-11,"Ak Bars Kazan","Vityaz Moscow Region",4,29,2,24,1055,945,0.547169811320755,0.452830188679245,"win","loss"
"594",594,22243,2009-02-11,"Lada","Avangard Omsk Region",2,22,0,23,1091,909,0.488888888888889,0.511111111111111,"win","loss"
"595",595,22244,2009-02-11,"Dynamo M","Atlant Moscow Region",4,43,2,18,982,1018,0.704918032786885,0.295081967213115,"win","loss"
"596",596,22245,2009-02-12,"HC MVD","Dinamo Riga",2,27,4,16,824,1176,0.627906976744186,0.372093023255814,"loss","win"
"597",597,22246,2009-02-12,"Amur Khabarovsk","Lokomotiv Yaroslavl",1,24,1,33,1011,989,0.421052631578947,0.578947368421053,"draw","draw"
"598",598,22247,2009-02-12,"Metallurg Novokuznetsk","SKA Saint Petersburg",0,14,1,29,966,1034,0.325581395348837,0.674418604651163,"loss","win"
"599",599,22248,2009-02-12,"Sibir Novosibirsk Region","Severstal Cherepovets",2,35,3,20,907,1093,0.636363636363636,0.363636363636364,"loss","win"
"600",600,22249,2009-02-12,"Metallurg Magnitogorsk","Khimik",4,37,3,20,958,1042,0.649122807017544,0.350877192982456,"win","loss"
"601",601,22250,2009-02-12,"Traktor Chelyabinsk","Barys Astana",3,24,1,35,1096,904,0.406779661016949,0.593220338983051,"win","loss"
"602",602,22251,2009-02-13,"Torpedo Nizhny Novgorod","Vityaz Moscow Region",5,34,2,28,1076,924,0.548387096774194,0.451612903225806,"win","loss"
"603",603,22252,2009-02-13,"HC MVD","Dynamo M",1,27,4,31,908,1092,0.46551724137931,0.53448275862069,"loss","win"
"604",604,22253,2009-02-13,"Atlant Moscow Region","Dinamo Minsk",4,40,2,25,1020,980,0.615384615384615,0.384615384615385,"win","loss"
"605",605,22254,2009-02-13,"Salavat Yulaev Ufa","Avangard Omsk Region",3,41,1,32,1042,958,0.561643835616438,0.438356164383562,"win","loss"
"606",606,22255,2009-02-13,"Ak Bars Kazan","Neftekhimik Nizhnekamsk",2,18,1,20,1061,939,0.473684210526316,0.526315789473684,"win","loss"
"607",607,22256,2009-02-13,"CSKA Moscow","Spartak Moscow",0,50,2,15,867,1133,0.769230769230769,0.230769230769231,"loss","win"
"608",608,22257,2009-02-14,"Atlant Moscow Region","Dinamo Riga",4,32,2,27,1051,949,0.542372881355932,0.457627118644068,"win","loss"
"609",609,22258,2009-02-14,"Amur Khabarovsk","Severstal Cherepovets",1,26,5,23,821,1179,0.530612244897959,0.469387755102041,"loss","win"
"610",610,22259,2009-02-14,"Metallurg Novokuznetsk","Lokomotiv Yaroslavl",1,16,2,39,1011,989,0.290909090909091,0.709090909090909,"loss","win"
"611",611,22260,2009-02-14,"Sibir Novosibirsk Region","SKA Saint Petersburg",2,20,3,26,985,1015,0.434782608695652,0.565217391304348,"loss","win"
"612",612,22261,2009-02-14,"Metallurg Magnitogorsk","Barys Astana",5,34,2,28,1076,924,0.548387096774194,0.451612903225806,"win","loss"
"613",613,22262,2009-02-14,"Salavat Yulaev Ufa","Khimik",3,41,5,33,922,1078,0.554054054054054,0.445945945945946,"loss","win"
"614",614,22263,2009-02-15,"Torpedo Nizhny Novgorod","Dynamo M",3,22,2,27,1062,938,0.448979591836735,0.551020408163265,"win","loss"
"615",615,22264,2009-02-15,"HC MVD","Dinamo Minsk",5,26,5,22,965,1035,0.541666666666667,0.458333333333333,"draw","draw"
"616",616,22265,2009-02-15,"Traktor Chelyabinsk","Avangard Omsk Region",3,37,6,23,820,1180,0.616666666666667,0.383333333333333,"loss","win"
"617",617,22266,2009-02-15,"Ak Bars Kazan","Lada",1,25,1,22,995,1005,0.531914893617021,0.468085106382979,"draw","draw"
"618",618,22267,2009-02-15,"Neftekhimik Nizhnekamsk","Vityaz Moscow Region",10,28,2,19,1252,748,0.595744680851064,0.404255319148936,"win","loss"
"619",619,22268,2009-02-16,"Torpedo Nizhny Novgorod","Dinamo Riga",4,18,5,33,1071,929,0.352941176470588,0.647058823529412,"loss","win"
"620",620,22269,2009-02-16,"Atlant Moscow Region","CSKA Moscow",2,49,7,31,815,1185,0.6125,0.3875,"loss","win"
"621",621,22270,2009-02-16,"Amur Khabarovsk","SKA Saint Petersburg",2,17,3,33,1027,973,0.34,0.66,"loss","win"
"622",622,22271,2009-02-16,"Metallurg Novokuznetsk","Severstal Cherepovets",6,19,4,29,1178,822,0.395833333333333,0.604166666666667,"win","loss"
"623",623,22272,2009-02-16,"Sibir Novosibirsk Region","Lokomotiv Yaroslavl",5,29,3,38,1093,907,0.432835820895522,0.567164179104478,"win","loss"
"624",624,22273,2009-02-16,"Traktor Chelyabinsk","Khimik",4,33,1,18,1066,934,0.647058823529412,0.352941176470588,"win","loss"
"625",625,22274,2009-02-16,"Salavat Yulaev Ufa","Barys Astana",2,42,1,20,998,1002,0.67741935483871,0.32258064516129,"win","loss"
"626",626,22275,2009-02-17,"Metallurg Magnitogorsk","Avangard Omsk Region",2,44,2,25,965,1035,0.63768115942029,0.36231884057971,"draw","draw"
"627",627,22276,2009-02-18,"Dynamo M","Ak Bars Kazan",2,24,5,23,866,1134,0.51063829787234,0.48936170212766,"loss","win"
"628",628,22277,2009-02-19,"Metallurg Magnitogorsk","HC MVD",1,30,4,22,852,1148,0.576923076923077,0.423076923076923,"loss","win"
"629",629,22278,2009-02-19,"Dynamo M","Neftekhimik Nizhnekamsk",1,23,4,19,833,1167,0.547619047619048,0.452380952380952,"loss","win"
"630",630,22279,2009-02-19,"Spartak Moscow","Metallurg Novokuznetsk",2,37,1,21,1006,994,0.637931034482759,0.362068965517241,"win","loss"
"631",631,22280,2009-02-19,"Vityaz Moscow Region","Torpedo Nizhny Novgorod",3,35,5,27,901,1099,0.564516129032258,0.435483870967742,"loss","win"
"632",632,22281,2009-02-20,"Atlant Moscow Region","Salavat Yulaev Ufa",0,28,1,24,958,1042,0.538461538461538,0.461538461538462,"loss","win"
"633",633,22282,2009-02-20,"Avangard Omsk Region","Lada",0,34,3,15,800,1200,0.693877551020408,0.306122448979592,"loss","win"
"634",634,22283,2009-02-20,"Barys Astana","Ak Bars Kazan",0,30,3,30,900,1100,0.5,0.5,"loss","win"
"635",635,22284,2009-02-20,"Dinamo Riga","Sibir Novosibirsk Region",6,28,4,28,1071,929,0.5,0.5,"win","loss"
"636",636,22285,2009-02-20,"CSKA Moscow","Traktor Chelyabinsk",1,32,1,44,1009,991,0.421052631578947,0.578947368421053,"draw","draw"
"637",637,22286,2009-02-21,"HC MVD","Vityaz Moscow Region",7,42,1,21,1119,881,0.666666666666667,0.333333333333333,"win","loss"
"638",638,22287,2009-02-21,"Avangard Omsk Region","Neftekhimik Nizhnekamsk",4,31,5,30,962,1038,0.508196721311475,0.491803278688525,"loss","win"
"639",639,22288,2009-02-21,"Dinamo Riga","Sibir Novosibirsk Region",2,25,2,34,1021,979,0.423728813559322,0.576271186440678,"draw","draw"
"640",640,22289,2009-02-21,"Dinamo Minsk","Amur Khabarovsk",3,18,2,21,1071,929,0.461538461538462,0.538461538461538,"win","loss"
"641",641,22290,2009-02-21,"Dynamo M","Metallurg Novokuznetsk",6,32,1,20,1138,862,0.615384615384615,0.384615384615385,"win","loss"
"642",642,22291,2009-02-21,"Spartak Moscow","Torpedo Nizhny Novgorod",5,37,3,20,985,1015,0.649122807017544,0.350877192982456,"win","loss"
"643",643,22292,2009-02-22,"Barys Astana","Lada",3,35,3,33,995,1005,0.514705882352941,0.485294117647059,"draw","draw"
"644",644,22293,2009-02-22,"Khimik","Ak Bars Kazan",1,20,4,25,890,1110,0.444444444444444,0.555555555555556,"loss","win"
"645",645,22294,2009-02-22,"SKA Saint Petersburg","Metallurg Magnitogorsk",3,30,0,16,1100,900,0.652173913043478,0.347826086956522,"win","loss"
"646",646,22295,2009-02-22,"Severstal Cherepovets","Traktor Chelyabinsk",3,22,0,24,1136,864,0.478260869565217,0.521739130434783,"win","loss"
"647",647,22296,2009-02-22,"Lokomotiv Yaroslavl","Salavat Yulaev Ufa",3,24,1,37,1098,902,0.39344262295082,0.60655737704918,"win","loss"
"648",648,22297,2009-02-23,"Barys Astana","Neftekhimik Nizhnekamsk",6,24,5,34,1103,897,0.413793103448276,0.586206896551724,"win","loss"
"649",649,22298,2009-02-23,"Dinamo Riga","Metallurg Novokuznetsk",3,25,2,22,1029,971,0.531914893617021,0.468085106382979,"win","loss"
"650",650,22299,2009-02-23,"Dinamo Minsk","Sibir Novosibirsk Region",2,21,7,23,791,1209,0.477272727272727,0.522727272727273,"loss","win"
"651",651,22300,2009-02-23,"Dynamo M","Amur Khabarovsk",2,31,0,34,1065,935,0.476923076923077,0.523076923076923,"win","loss"
"652",652,22301,2009-02-23,"CSKA Moscow","Torpedo Nizhny Novgorod",4,44,2,24,1008,992,0.647058823529412,0.352941176470588,"win","loss"
"653",653,22302,2009-02-23,"Vityaz Moscow Region","Atlant Moscow Region",0,38,4,25,840,1160,0.603174603174603,0.396825396825397,"loss","win"
"654",654,22303,2009-02-24,"Avangard Omsk Region","Ak Bars Kazan",1,39,3,22,889,1111,0.639344262295082,0.360655737704918,"loss","win"
"655",655,22304,2009-02-24,"Khimik","Lada",0,24,2,24,917,1083,0.5,0.5,"loss","win"
"656",656,22305,2009-02-24,"SKA Saint Petersburg","Traktor Chelyabinsk",2,31,2,20,965,1035,0.607843137254902,0.392156862745098,"draw","draw"
"657",657,22306,2009-02-24,"Severstal Cherepovets","Salavat Yulaev Ufa",0,31,4,15,733,1267,0.673913043478261,0.326086956521739,"loss","win"
"658",658,22307,2009-02-24,"Lokomotiv Yaroslavl","Metallurg Magnitogorsk",6,23,2,26,1184,816,0.469387755102041,0.530612244897959,"win","loss"
"659",659,22308,2009-02-24,"Spartak Moscow","HC MVD",5,26,2,28,1121,879,0.481481481481481,0.518518518518518,"win","loss"
"660",660,22309,2009-02-25,"Barys Astana","Torpedo Nizhny Novgorod",5,31,2,33,1101,899,0.484375,0.515625,"win","loss"
"661",661,22310,2009-02-25,"Khimik","Neftekhimik Nizhnekamsk",1,16,4,22,881,1119,0.421052631578947,0.578947368421053,"loss","win"
"662",662,22311,2009-02-25,"Dinamo Riga","Amur Khabarovsk",2,26,1,19,1024,976,0.577777777777778,0.422222222222222,"win","loss"
"663",663,22312,2009-02-25,"Dinamo Minsk","Metallurg Novokuznetsk",2,35,1,22,1012,988,0.614035087719298,0.385964912280702,"win","loss"
"664",664,22313,2009-02-25,"Dynamo M","Sibir Novosibirsk Region",3,38,4,17,844,1156,0.690909090909091,0.309090909090909,"loss","win"
"665",665,22314,2009-02-26,"Atlant Moscow Region","Spartak Moscow",3,33,2,36,1035,965,0.478260869565217,0.521739130434783,"win","loss"
"666",666,22315,2009-02-26,"Barys Astana","Vityaz Moscow Region",6,40,4,35,1036,964,0.533333333333333,0.466666666666667,"win","loss"
"667",667,22316,2009-02-26,"SKA Saint Petersburg","Salavat Yulaev Ufa",5,28,4,27,1030,970,0.509090909090909,0.490909090909091,"win","loss"
"668",668,22317,2009-02-26,"Severstal Cherepovets","Metallurg Magnitogorsk",1,34,2,26,952,1048,0.566666666666667,0.433333333333333,"loss","win"
"669",669,22318,2009-02-26,"Lokomotiv Yaroslavl","Traktor Chelyabinsk",3,41,1,36,1045,955,0.532467532467532,0.467532467532468,"win","loss"
"670",670,22319,2009-02-26,"Dinamo Riga","Amur Khabarovsk",0,22,1,30,967,1033,0.423076923076923,0.576923076923077,"loss","win"
"671",671,22320,2009-02-26,"Dinamo Minsk","Metallurg Novokuznetsk",2,29,4,24,902,1098,0.547169811320755,0.452830188679245,"loss","win"
"672",672,22321,2009-02-26,"CSKA Moscow","HC MVD",3,30,2,26,1023,977,0.535714285714286,0.464285714285714,"win","loss"
